121.000000 , -122.098615, 37.394110, -11.507946
122.000000 , -122.098614, 37.394110, -11.487748
123.000000 , -122.098614, 37.394110, -11.518230
124.000000 , -122.098613, 37.394110, -11.554283
125.000000 , -122.098612, 37.394110, -11.859549
126.000000 , -122.098612, 37.394112, -12.041830
127.000000 , -122.098612, 37.394111, -12.018259
128.000000 , -122.098612, 37.394111, -12.007819
129.000000 , -122.098611, 37.394111, -11.942646
130.000000 , -122.098608, 37.394108, -11.716776
131.000000 , -122.098604, 37.394106, -11.571228
132.000000 , -122.098601, 37.394097, -11.880813
133.000000 , -122.098567, 37.394096, -13.189780
134.000000 , -122.098532, 37.394083, -13.198196
135.000000 , -122.098474, 37.394060, -12.989275
136.000000 , -122.098403, 37.394031, -12.911248
137.000000 , -122.098322, 37.393998, -12.886971
138.000000 , -122.098231, 37.393961, -13.018436
139.000000 , -122.098132, 37.393921, -13.287156
140.000000 , -122.098027, 37.393875, -13.423574
141.000000 , -122.097909, 37.393822, -13.560588
142.000000 , -122.097779, 37.393762, -13.427553
143.000000 , -122.097652, 37.393701, -13.369316
144.000000 , -122.097527, 37.393637, -13.233822
145.000000 , -122.097409, 37.393575, -12.659549
146.000000 , -122.097287, 37.393512, -12.206692
147.000000 , -122.097165, 37.393436, -12.122229
148.000000 , -122.097042, 37.393361, -12.225649
149.000000 , -122.096918, 37.393285, -12.037286
150.000000 , -122.096803, 37.393210, -11.493069
151.000000 , -122.096689, 37.393132, -11.258373
152.000000 , -122.096589, 37.393051, -11.402393
153.000000 , -122.096501, 37.392976, -11.733401
154.000000 , -122.096424, 37.392906, -11.218715
155.000000 , -122.096354, 37.392843, -10.995475
156.000000 , -122.096281, 37.392774, -11.122745
157.000000 , -122.096212, 37.392712, -10.537751
158.000000 , -122.096141, 37.392650, -10.541568
159.000000 , -122.096074, 37.392593, -10.696467
160.000000 , -122.096024, 37.392540, -10.580858
161.000000 , -122.095981, 37.392494, -10.489562
162.000000 , -122.095945, 37.392454, -10.215344
163.000000 , -122.095918, 37.392413, -9.786811
164.000000 , -122.095887, 37.392374, -9.233347
165.000000 , -122.095849, 37.392334, -9.107623
166.000000 , -122.095805, 37.392283, -9.184968
167.000000 , -122.095753, 37.392232, -9.337210
168.000000 , -122.095698, 37.392172, -9.403079
169.000000 , -122.095642, 37.392108, -9.426713
170.000000 , -122.095578, 37.392036, -9.291592
171.000000 , -122.095510, 37.391957, -9.098184
172.000000 , -122.095440, 37.391877, -9.134519
173.000000 , -122.095368, 37.391797, -9.115855
174.000000 , -122.095295, 37.391716, -9.023059
175.000000 , -122.095226, 37.391637, -8.791920
176.000000 , -122.095157, 37.391558, -8.772447
177.000000 , -122.095075, 37.391480, -8.579957
178.000000 , -122.094993, 37.391401, -7.881553
179.000000 , -122.094907, 37.391324, -7.964021
180.000000 , -122.094826, 37.391258, -7.827703
181.000000 , -122.094758, 37.391204, -8.016414
182.000000 , -122.094708, 37.391163, -8.974230
183.000000 , -122.094674, 37.391129, -8.417383
184.000000 , -122.094644, 37.391113, -8.071699
185.000000 , -122.094621, 37.391103, -7.899745
186.000000 , -122.094606, 37.391097, -8.339364
187.000000 , -122.094581, 37.391087, -8.290236
188.000000 , -122.094557, 37.391070, -8.789703
189.000000 , -122.094519, 37.391047, -9.503726
190.000000 , -122.094462, 37.391008, -9.377528
191.000000 , -122.094388, 37.390958, -8.795181
192.000000 , -122.094307, 37.390907, -8.351246
193.000000 , -122.094215, 37.390857, -7.320166
194.000000 , -122.094123, 37.390805, -7.222132
195.000000 , -122.094023, 37.390741, -7.259468
196.000000 , -122.093948, 37.390694, -7.876852
197.000000 , -122.093852, 37.390641, -8.923412
198.000000 , -122.093707, 37.390557, -9.277632
199.000000 , -122.093573, 37.390481, -9.722438
200.000000 , -122.093441, 37.390404, -9.002297
201.000000 , -122.093305, 37.390331, -6.334582
202.000000 , -122.093172, 37.390258, -3.393025
203.000000 , -122.093039, 37.390197, -3.421568
204.000000 , -122.092905, 37.390129, -5.478551
205.000000 , -122.092776, 37.390067, -5.913298
206.000000 , -122.092646, 37.390007, -5.589934
207.000000 , -122.092520, 37.389935, -4.906234
208.000000 , -122.092371, 37.389856, -4.219145
209.000000 , -122.092229, 37.389784, -4.524077
210.000000 , -122.092084, 37.389707, -3.500221
211.000000 , -122.091948, 37.389639, -4.143744
212.000000 , -122.091804, 37.389564, -4.393179
213.000000 , -122.091649, 37.389484, -4.682139
214.000000 , -122.091510, 37.389407, -4.496802
215.000000 , -122.091367, 37.389332, -4.444008
216.000000 , -122.091227, 37.389260, -3.896269
217.000000 , -122.091091, 37.389189, -4.034243
218.000000 , -122.090960, 37.389124, -3.900808
219.000000 , -122.090846, 37.389060, -4.021423
220.000000 , -122.090728, 37.388996, -3.561443
221.000000 , -122.090588, 37.388931, -3.415271
222.000000 , -122.090463, 37.388865, -3.435120
223.000000 , -122.090344, 37.388807, -4.394421
224.000000 , -122.090235, 37.388749, -5.393813
225.000000 , -122.090116, 37.388692, -5.643564
226.000000 , -122.090026, 37.388643, -6.475709
227.000000 , -122.089962, 37.388607, -8.367937
228.000000 , -122.089902, 37.388567, -9.046955
229.000000 , -122.089852, 37.388541, -7.821266
230.000000 , -122.089809, 37.388512, -9.343582
231.000000 , -122.089704, 37.388467, -10.356549
232.000000 , -122.089633, 37.388430, -9.716528
233.000000 , -122.089579, 37.388403, -8.421829
234.000000 , -122.089524, 37.388382, -8.083647
235.000000 , -122.089489, 37.388369, -7.954270
236.000000 , -122.089462, 37.388365, -7.551316
237.000000 , -122.089454, 37.388372, -8.291939
238.000000 , -122.089448, 37.388375, -9.485029
239.000000 , -122.089447, 37.388364, -6.906619
240.000000 , -122.089441, 37.388364, -7.168753
241.000000 , -122.089433, 37.388364, -8.234208
242.000000 , -122.089430, 37.388370, -9.635334
243.000000 , -122.089424, 37.388367, -10.312751
244.000000 , -122.089423, 37.388365, -9.585113
245.000000 , -122.089423, 37.388362, -8.995925
246.000000 , -122.089425, 37.388360, -8.432143
247.000000 , -122.089430, 37.388361, -8.915841
248.000000 , -122.089431, 37.388352, -7.802371
249.000000 , -122.089426, 37.388353, -7.950675
250.000000 , -122.089425, 37.388353, -8.385734
251.000000 , -122.089424, 37.388352, -8.719327
252.000000 , -122.089427, 37.388353, -8.861410
253.000000 , -122.089429, 37.388355, -9.215959
254.000000 , -122.089431, 37.388355, -9.205306
255.000000 , -122.089434, 37.388357, -9.589014
256.000000 , -122.089434, 37.388357, -9.555381
257.000000 , -122.089429, 37.388355, -9.196889
258.000000 , -122.089426, 37.388355, -9.151694
259.000000 , -122.089425, 37.388353, -9.151221
260.000000 , -122.089420, 37.388349, -8.800004
261.000000 , -122.089417, 37.388347, -8.639748
262.000000 , -122.089414, 37.388345, -8.130669
263.000000 , -122.089413, 37.388344, -7.864164
264.000000 , -122.089411, 37.388345, -7.635659
265.000000 , -122.089407, 37.388344, -7.763962
266.000000 , -122.089404, 37.388342, -8.119315
267.000000 , -122.089391, 37.388335, -7.922651
268.000000 , -122.089370, 37.388325, -7.785088
269.000000 , -122.089340, 37.388307, -8.118910
270.000000 , -122.089301, 37.388283, -7.690244
271.000000 , -122.089255, 37.388259, -7.295830
272.000000 , -122.089209, 37.388236, -7.321771
273.000000 , -122.089164, 37.388216, -7.385262
274.000000 , -122.089122, 37.388196, -7.439274
275.000000 , -122.089081, 37.388172, -5.782085
276.000000 , -122.089035, 37.388149, -5.133903
277.000000 , -122.088980, 37.388123, -5.293652
278.000000 , -122.088916, 37.388095, -5.503118
279.000000 , -122.088844, 37.388059, -5.509802
280.000000 , -122.088762, 37.388021, -5.918521
281.000000 , -122.088666, 37.387977, -5.937322
282.000000 , -122.088568, 37.387928, -6.018559
283.000000 , -122.088466, 37.387878, -6.064269
284.000000 , -122.088364, 37.387827, -5.950677
285.000000 , -122.088255, 37.387776, -6.038524
286.000000 , -122.088146, 37.387723, -6.264234
287.000000 , -122.088036, 37.387668, -5.767751
288.000000 , -122.087927, 37.387617, -5.467857
289.000000 , -122.087821, 37.387567, -5.097380
290.000000 , -122.087709, 37.387515, -4.667226
291.000000 , -122.087595, 37.387468, -3.997721
292.000000 , -122.087478, 37.387417, -3.879056
293.000000 , -122.087367, 37.387365, -4.507429
294.000000 , -122.087234, 37.387302, -2.706824
295.000000 , -122.087104, 37.387226, -1.812123
296.000000 , -122.086991, 37.387168, -2.587367
297.000000 , -122.086866, 37.387104, -2.099634
298.000000 , -122.086748, 37.387044, -2.168518
299.000000 , -122.086629, 37.386989, -1.770695
300.000000 , -122.086509, 37.386930, -0.860146
301.000000 , -122.086396, 37.386880, -0.892036
302.000000 , -122.086298, 37.386836, -1.568299
303.000000 , -122.086224, 37.386798, -2.127603
304.000000 , -122.086154, 37.386754, -1.736316
305.000000 , -122.086083, 37.386716, -1.727796
306.000000 , -122.086003, 37.386677, -1.322819
307.000000 , -122.085935, 37.386647, -2.170863
308.000000 , -122.085865, 37.386613, -2.906142
309.000000 , -122.085792, 37.386579, -4.398099
310.000000 , -122.085712, 37.386538, -4.155673
311.000000 , -122.085634, 37.386501, -4.949592
312.000000 , -122.085558, 37.386460, -3.943087
313.000000 , -122.085483, 37.386414, -2.205670
314.000000 , -122.085405, 37.386371, -1.604274
315.000000 , -122.085321, 37.386332, -1.821154
316.000000 , -122.085251, 37.386295, -2.340067
317.000000 , -122.085178, 37.386255, -2.214230
318.000000 , -122.085102, 37.386216, -2.326574
319.000000 , -122.085022, 37.386178, -2.820068
320.000000 , -122.084942, 37.386139, -2.948964
321.000000 , -122.084873, 37.386102, -3.739077
322.000000 , -122.084794, 37.386066, -3.770261
323.000000 , -122.084713, 37.386032, -3.546245
324.000000 , -122.084636, 37.386006, -4.113807
325.000000 , -122.084561, 37.385973, -3.217614
326.000000 , -122.084498, 37.385948, -3.005076
327.000000 , -122.084439, 37.385931, -2.711784
328.000000 , -122.084387, 37.385908, -2.118677
329.000000 , -122.084343, 37.385893, -1.399856
330.000000 , -122.084324, 37.385897, -0.113418
331.000000 , -122.084321, 37.385908, 0.936839
332.000000 , -122.084306, 37.385910, 2.194624
333.000000 , -122.084311, 37.385930, 2.547934
334.000000 , -122.084314, 37.385929, 2.339289
335.000000 , -122.084313, 37.385924, 2.834939
336.000000 , -122.084312, 37.385925, 4.028135
337.000000 , -122.084316, 37.385936, 5.685389
338.000000 , -122.084306, 37.385943, 6.504259
339.000000 , -122.084284, 37.385932, 7.954700
340.000000 , -122.084272, 37.385929, 8.525963
341.000000 , -122.084247, 37.385927, 10.341152
342.000000 , -122.084236, 37.385927, 11.653138
343.000000 , -122.084226, 37.385927, 12.682818
344.000000 , -122.084208, 37.385926, 14.313765
345.000000 , -122.084196, 37.385926, 15.218392
346.000000 , -122.084170, 37.385921, 16.411140
347.000000 , -122.084147, 37.385919, 17.840055
348.000000 , -122.084130, 37.385916, 18.599023
349.000000 , -122.084113, 37.385917, 19.570479
350.000000 , -122.084106, 37.385917, 19.512846
351.000000 , -122.084091, 37.385910, 20.623316
352.000000 , -122.084082, 37.385909, 21.786938
353.000000 , -122.084075, 37.385906, 22.265111
354.000000 , -122.084068, 37.385907, 22.924279
355.000000 , -122.084065, 37.385903, 23.225518
356.000000 , -122.084060, 37.385901, 23.862047
357.000000 , -122.084052, 37.385897, 24.689468
358.000000 , -122.084050, 37.385894, 25.103609
359.000000 , -122.084046, 37.385890, 25.535439
360.000000 , -122.084044, 37.385885, 25.593096
361.000000 , -122.084042, 37.385882, 25.886220
362.000000 , -122.084041, 37.385876, 25.959893
363.000000 , -122.084040, 37.385873, 25.701920
364.000000 , -122.084042, 37.385871, 25.287851
365.000000 , -122.084044, 37.385870, 24.988975
366.000000 , -122.084044, 37.385867, 25.015722
367.000000 , -122.084045, 37.385866, 24.955196
368.000000 , -122.084045, 37.385863, 24.884293
369.000000 , -122.084045, 37.385855, 24.591882
370.000000 , -122.084043, 37.385851, 24.420150
371.000000 , -122.084043, 37.385844, 24.246300
372.000000 , -122.084044, 37.385841, 24.166668
373.000000 , -122.084046, 37.385840, 24.123484
374.000000 , -122.084045, 37.385839, 23.905368
375.000000 , -122.084046, 37.385840, 24.100693
376.000000 , -122.084046, 37.385841, 24.125101
377.000000 , -122.084046, 37.385840, 24.289431
378.000000 , -122.084045, 37.385838, 24.023663
379.000000 , -122.084044, 37.385835, 23.691401
380.000000 , -122.084039, 37.385836, 23.887038
381.000000 , -122.084033, 37.385833, 23.951657
382.000000 , -122.084026, 37.385833, 24.170379
383.000000 , -122.084020, 37.385833, 24.127918
384.000000 , -122.084013, 37.385832, 24.254988
385.000000 , -122.084008, 37.385831, 24.283350
386.000000 , -122.084006, 37.385829, 24.334152
387.000000 , -122.084005, 37.385828, 24.522224
388.000000 , -122.084004, 37.385827, 24.845769
389.000000 , -122.084000, 37.385827, 25.026042
390.000000 , -122.083998, 37.385828, 24.966488
391.000000 , -122.083996, 37.385828, 24.983804
392.000000 , -122.083996, 37.385828, 24.816188
393.000000 , -122.083993, 37.385828, 24.844048
394.000000 , -122.083994, 37.385827, 24.569367
395.000000 , -122.083996, 37.385825, 24.294521
396.000000 , -122.084000, 37.385825, 24.477910
397.000000 , -122.084007, 37.385827, 24.172559
398.000000 , -122.084009, 37.385829, 24.048673
399.000000 , -122.084014, 37.385831, 23.722716
400.000000 , -122.084017, 37.385833, 23.549734
401.000000 , -122.084022, 37.385835, 23.380738
402.000000 , -122.084000, 37.385831, 25.823185
403.000000 , -122.084005, 37.385833, 25.585236
404.000000 , -122.084009, 37.385836, 25.565146
405.000000 , -122.084012, 37.385840, 25.439115
406.000000 , -122.084014, 37.385843, 25.421803
407.000000 , -122.084018, 37.385847, 25.274284
408.000000 , -122.084020, 37.385849, 25.187371
409.000000 , -122.084021, 37.385851, 25.195043
410.000000 , -122.084023, 37.385853, 25.044826
411.000000 , -122.084024, 37.385856, 24.839224
412.000000 , -122.084026, 37.385860, 24.453156
413.000000 , -122.084029, 37.385864, 24.161773
414.000000 , -122.084030, 37.385867, 24.074538
415.000000 , -122.084030, 37.385866, 23.742259
416.000000 , -122.084028, 37.385866, 23.788913
417.000000 , -122.084026, 37.385862, 23.769818
418.000000 , -122.083990, 37.385846, 25.713838
419.000000 , -122.083969, 37.385829, 25.349205
420.000000 , -122.083931, 37.385809, 25.332902
421.000000 , -122.083882, 37.385777, 24.593901
422.000000 , -122.083816, 37.385728, 24.192294
423.000000 , -122.083732, 37.385676, 23.797757
424.000000 , -122.083643, 37.385624, 23.331662
425.000000 , -122.083558, 37.385576, 22.254111
426.000000 , -122.083475, 37.385529, 21.016667
427.000000 , -122.083391, 37.385480, 19.491054
428.000000 , -122.083295, 37.385429, 18.805603
429.000000 , -122.083204, 37.385381, 17.813393
430.000000 , -122.083111, 37.385328, 16.941292
431.000000 , -122.083022, 37.385277, 16.152203
432.000000 , -122.082926, 37.385225, 15.565602
433.000000 , -122.082837, 37.385177, 14.963778
434.000000 , -122.082751, 37.385131, 13.912357
435.000000 , -122.082651, 37.385079, 13.526451
436.000000 , -122.082548, 37.385024, 12.917146
437.000000 , -122.082442, 37.384968, 12.324431
438.000000 , -122.082326, 37.384912, 12.511359
439.000000 , -122.082204, 37.384853, 12.487513
440.000000 , -122.082077, 37.384788, 12.731680
441.000000 , -122.081956, 37.384727, 12.707388
442.000000 , -122.081838, 37.384670, 12.085547
443.000000 , -122.081718, 37.384612, 11.737913
444.000000 , -122.081599, 37.384556, 12.188649
445.000000 , -122.081478, 37.384496, 12.614319
446.000000 , -122.081353, 37.384433, 12.682509
447.000000 , -122.081232, 37.384368, 12.749261
448.000000 , -122.081112, 37.384306, 12.357281
449.000000 , -122.080992, 37.384241, 11.956619
450.000000 , -122.080863, 37.384174, 11.824836
451.000000 , -122.080759, 37.384105, 9.441614
452.000000 , -122.080667, 37.384043, 6.401194
453.000000 , -122.080563, 37.383987, 5.581026
454.000000 , -122.080450, 37.383932, 5.573469
455.000000 , -122.080339, 37.383877, 5.046379
456.000000 , -122.080222, 37.383819, 4.902639
457.000000 , -122.080100, 37.383763, 4.842279
458.000000 , -122.079984, 37.383707, 4.757218
459.000000 , -122.079857, 37.383645, 4.436911
460.000000 , -122.079734, 37.383587, 3.363462
461.000000 , -122.079609, 37.383531, 3.489675
462.000000 , -122.079483, 37.383472, 8.666678
463.000000 , -122.079376, 37.383412, 8.962433
464.000000 , -122.079271, 37.383358, 8.890905
465.000000 , -122.079174, 37.383305, 8.214539
466.000000 , -122.079092, 37.383265, 7.497922
467.000000 , -122.079012, 37.383231, 7.110252
468.000000 , -122.078921, 37.383194, 6.204664
469.000000 , -122.078819, 37.383154, 7.672919
470.000000 , -122.078736, 37.383116, 9.159306
471.000000 , -122.078678, 37.383086, 7.446866
472.000000 , -122.078606, 37.383051, 6.358634
473.000000 , -122.078518, 37.383017, 6.191296
474.000000 , -122.078418, 37.382977, 6.742267
475.000000 , -122.078322, 37.382941, 6.240564
476.000000 , -122.078227, 37.382893, 5.792113
477.000000 , -122.078146, 37.382857, 6.068995
478.000000 , -122.078080, 37.382826, 5.807016
479.000000 , -122.078022, 37.382799, 5.746344
480.000000 , -122.077981, 37.382784, 5.443525
481.000000 , -122.077962, 37.382772, 5.685576
482.000000 , -122.077944, 37.382771, 5.898078
483.000000 , -122.077920, 37.382767, 7.244891
484.000000 , -122.077907, 37.382764, 9.034899
485.000000 , -122.077901, 37.382763, 9.436282
486.000000 , -122.077895, 37.382762, 9.439806
487.000000 , -122.077891, 37.382762, 9.236069
488.000000 , -122.077880, 37.382760, 9.701060
489.000000 , -122.077874, 37.382756, 9.883363
490.000000 , -122.077871, 37.382757, 9.332602
491.000000 , -122.077867, 37.382755, 9.577307
492.000000 , -122.077865, 37.382756, 9.849602
493.000000 , -122.077862, 37.382756, 10.191169
494.000000 , -122.077863, 37.382756, 10.424541
495.000000 , -122.077861, 37.382755, 10.808416
496.000000 , -122.077860, 37.382754, 11.001770
497.000000 , -122.077854, 37.382750, 11.700450
498.000000 , -122.077852, 37.382747, 12.243754
499.000000 , -122.077849, 37.382744, 12.829681
500.000000 , -122.077848, 37.382742, 13.089141
501.000000 , -122.077846, 37.382743, 12.508236
502.000000 , -122.077845, 37.382743, 12.471707
503.000000 , -122.077846, 37.382744, 12.874189
504.000000 , -122.077850, 37.382746, 12.912035
505.000000 , -122.077855, 37.382746, 13.253876
506.000000 , -122.077861, 37.382749, 12.949626
507.000000 , -122.077867, 37.382753, 12.614514
508.000000 , -122.077874, 37.382758, 12.215001
509.000000 , -122.077878, 37.382761, 11.975594
510.000000 , -122.077882, 37.382765, 11.408901
511.000000 , -122.077886, 37.382768, 10.938281
512.000000 , -122.077889, 37.382773, 10.354296
513.000000 , -122.077891, 37.382776, 9.800848
514.000000 , -122.077893, 37.382779, 9.266607
515.000000 , -122.077896, 37.382781, 8.957712
516.000000 , -122.077900, 37.382783, 8.501890
517.000000 , -122.077901, 37.382786, 7.909303
518.000000 , -122.077905, 37.382787, 7.603071
519.000000 , -122.077910, 37.382786, 7.496058
520.000000 , -122.077912, 37.382786, 7.316817
521.000000 , -122.077913, 37.382788, 7.025551
522.000000 , -122.077914, 37.382789, 6.917614
523.000000 , -122.077916, 37.382789, 6.727886
524.000000 , -122.077918, 37.382791, 6.251642
525.000000 , -122.077919, 37.382790, 5.849198
526.000000 , -122.077922, 37.382793, 5.142519
527.000000 , -122.077924, 37.382794, 5.024140
528.000000 , -122.077924, 37.382796, 4.693301
529.000000 , -122.077927, 37.382797, 4.442516
530.000000 , -122.077930, 37.382797, 4.615218
531.000000 , -122.077930, 37.382798, 4.397365
532.000000 , -122.077932, 37.382799, 4.288549
533.000000 , -122.077933, 37.382801, 3.945473
534.000000 , -122.077933, 37.382802, 4.180698
535.000000 , -122.077932, 37.382803, 4.368820
536.000000 , -122.077931, 37.382802, 4.459759
537.000000 , -122.077930, 37.382802, 4.503210
538.000000 , -122.077925, 37.382801, 4.466317
539.000000 , -122.077921, 37.382800, 4.546752
540.000000 , -122.077917, 37.382799, 4.833794
541.000000 , -122.077912, 37.382798, 5.238732
542.000000 , -122.077906, 37.382797, 5.784884
543.000000 , -122.077901, 37.382797, 5.885651
544.000000 , -122.077897, 37.382797, 5.801474
545.000000 , -122.077894, 37.382797, 5.926321
546.000000 , -122.077891, 37.382797, 5.648367
547.000000 , -122.077888, 37.382796, 5.729443
548.000000 , -122.077886, 37.382794, 5.635943
549.000000 , -122.077883, 37.382794, 5.389079
550.000000 , -122.077879, 37.382792, 5.243198
551.000000 , -122.077869, 37.382786, 5.280191
552.000000 , -122.077847, 37.382775, 5.329336
553.000000 , -122.077809, 37.382753, 5.466848
554.000000 , -122.077755, 37.382732, 5.527317
555.000000 , -122.077684, 37.382724, 5.522226
556.000000 , -122.077605, 37.382735, 5.319852
557.000000 , -122.077532, 37.382766, 4.774699
558.000000 , -122.077476, 37.382819, 4.776607
559.000000 , -122.077418, 37.382884, 5.024224
560.000000 , -122.077361, 37.382961, 5.043082
561.000000 , -122.077311, 37.383044, 4.752355
562.000000 , -122.077258, 37.383127, 4.723353
563.000000 , -122.077200, 37.383206, 4.356489
564.000000 , -122.077142, 37.383290, 3.964158
565.000000 , -122.077084, 37.383370, 3.350144
566.000000 , -122.077031, 37.383450, 3.590140
567.000000 , -122.076991, 37.383523, 4.607232
568.000000 , -122.076940, 37.383595, 4.778604
569.000000 , -122.076880, 37.383671, 3.774203
570.000000 , -122.076811, 37.383757, 2.998908
571.000000 , -122.076740, 37.383849, 2.639170
572.000000 , -122.076664, 37.383948, 2.384602
573.000000 , -122.076587, 37.384052, 2.611296
574.000000 , -122.076512, 37.384150, 2.373902
575.000000 , -122.076436, 37.384246, 2.511303
576.000000 , -122.076365, 37.384343, 3.818668
577.000000 , -122.076299, 37.384434, 4.286384
578.000000 , -122.076229, 37.384523, 3.743353
579.000000 , -122.076161, 37.384605, 3.942422
580.000000 , -122.076093, 37.384689, 3.965313
581.000000 , -122.076031, 37.384769, 4.179982
582.000000 , -122.075975, 37.384844, 4.475390
583.000000 , -122.075929, 37.384903, 4.655698
584.000000 , -122.075892, 37.384950, 4.320529
585.000000 , -122.075867, 37.384983, 4.019261
586.000000 , -122.075854, 37.385013, 3.415832
587.000000 , -122.075852, 37.385058, 3.295808
588.000000 , -122.075880, 37.385107, 3.219925
589.000000 , -122.075935, 37.385156, 3.267446
590.000000 , -122.076008, 37.385198, 2.712179
591.000000 , -122.076096, 37.385240, 2.422894
592.000000 , -122.076184, 37.385285, 2.337294
593.000000 , -122.076276, 37.385331, 1.704249
594.000000 , -122.076368, 37.385375, 1.427731
595.000000 , -122.076447, 37.385413, 1.070145
596.000000 , -122.076517, 37.385447, 1.201283
597.000000 , -122.076590, 37.385485, 1.387370
598.000000 , -122.076669, 37.385524, 1.060926
599.000000 , -122.076745, 37.385565, 0.380374
600.000000 , -122.076824, 37.385613, -0.614660
601.000000 , -122.076894, 37.385649, -0.850140
602.000000 , -122.076961, 37.385684, -0.716483
603.000000 , -122.077020, 37.385713, -1.013990
604.000000 , -122.077065, 37.385737, -2.246431
605.000000 , -122.077104, 37.385770, -1.203978
606.000000 , -122.077138, 37.385796, -0.788774
607.000000 , -122.077178, 37.385795, -1.705520
608.000000 , -122.077213, 37.385778, -2.736211
609.000000 , -122.077230, 37.385769, -2.907318
610.000000 , -122.077240, 37.385765, -2.900432
611.000000 , -122.077240, 37.385767, -3.442588
612.000000 , -122.077242, 37.385768, -4.071925
613.000000 , -122.077245, 37.385767, -3.970075
614.000000 , -122.077235, 37.385767, -5.170974
615.000000 , -122.077226, 37.385773, -5.492348
616.000000 , -122.077227, 37.385777, -6.112985
617.000000 , -122.077224, 37.385779, -6.605039
618.000000 , -122.077217, 37.385775, -6.357559
619.000000 , -122.077203, 37.385774, -6.019238
620.000000 , -122.077140, 37.385753, -3.411298
621.000000 , -122.077069, 37.385720, -0.308394
622.000000 , -122.077029, 37.385695, -0.819590
623.000000 , -122.076977, 37.385667, -0.446621
624.000000 , -122.076940, 37.385634, 0.042262
625.000000 , -122.076940, 37.385596, -1.304732
626.000000 , -122.076949, 37.385533, -1.347457
627.000000 , -122.076966, 37.385479, -0.438744
628.000000 , -122.077006, 37.385414, 2.270461
629.000000 , -122.077047, 37.385328, 4.805481
630.000000 , -122.077121, 37.385249, -0.472869
631.000000 , -122.077198, 37.385163, -1.237147
632.000000 , -122.077281, 37.385070, -1.538210
633.000000 , -122.077363, 37.384975, -2.569113
634.000000 , -122.077434, 37.384873, -2.546997
635.000000 , -122.077507, 37.384769, -3.063619
636.000000 , -122.077589, 37.384659, -2.617951
637.000000 , -122.077673, 37.384545, -1.039609
638.000000 , -122.077754, 37.384433, -0.379033
639.000000 , -122.077827, 37.384327, -0.006418
640.000000 , -122.077902, 37.384227, -0.001760
641.000000 , -122.077976, 37.384118, 1.176559
642.000000 , -122.078051, 37.384011, 1.830580
643.000000 , -122.078124, 37.383913, 2.025188
644.000000 , -122.078200, 37.383813, 3.739566
645.000000 , -122.078264, 37.383718, 4.257260
646.000000 , -122.078327, 37.383636, 3.017879
647.000000 , -122.078387, 37.383559, 2.988183
648.000000 , -122.078438, 37.383495, 2.809147
649.000000 , -122.078475, 37.383446, 1.957743
650.000000 , -122.078504, 37.383407, 1.969585
651.000000 , -122.078526, 37.383380, 2.287114
652.000000 , -122.078533, 37.383357, 1.991743
653.000000 , -122.078541, 37.383348, 2.755501
654.000000 , -122.078547, 37.383335, 2.590933
655.000000 , -122.078554, 37.383324, 2.351266
656.000000 , -122.078574, 37.383310, 1.679956
657.000000 , -122.078592, 37.383297, 1.226177
658.000000 , -122.078611, 37.383286, 0.724718
659.000000 , -122.078648, 37.383281, 1.015698
660.000000 , -122.078701, 37.383286, 0.885899
661.000000 , -122.078773, 37.383315, 0.805273
662.000000 , -122.078858, 37.383355, 0.869163
663.000000 , -122.078956, 37.383402, 0.512205
664.000000 , -122.079066, 37.383455, 0.548096
665.000000 , -122.079185, 37.383519, 0.340889
666.000000 , -122.079322, 37.383589, 0.957099
667.000000 , -122.079463, 37.383659, 1.630206
668.000000 , -122.079601, 37.383729, 1.546330
669.000000 , -122.079743, 37.383794, 2.132863
670.000000 , -122.079881, 37.383858, 2.074009
671.000000 , -122.080017, 37.383919, 2.201837
672.000000 , -122.080154, 37.383984, 2.097859
673.000000 , -122.080290, 37.384052, 2.003510
674.000000 , -122.080421, 37.384118, 2.011919
675.000000 , -122.080552, 37.384188, 1.491497
676.000000 , -122.080692, 37.384256, 1.486352
677.000000 , -122.080830, 37.384326, 1.353669
678.000000 , -122.080969, 37.384397, 1.063293
679.000000 , -122.081105, 37.384466, 0.834378
680.000000 , -122.081241, 37.384535, 0.981321
681.000000 , -122.081377, 37.384606, 0.713052
682.000000 , -122.081520, 37.384662, 2.614046
683.000000 , -122.081654, 37.384726, 3.064444
684.000000 , -122.081781, 37.384795, 2.387186
685.000000 , -122.081905, 37.384861, 1.551490
686.000000 , -122.082027, 37.384923, 1.271181
687.000000 , -122.082155, 37.384984, 1.533196
688.000000 , -122.082278, 37.385040, 1.767880
689.000000 , -122.082390, 37.385096, 1.438420
690.000000 , -122.082495, 37.385149, 1.065596
691.000000 , -122.082593, 37.385198, 0.458700
692.000000 , -122.082686, 37.385245, -0.022620
693.000000 , -122.082772, 37.385290, -0.542299
694.000000 , -122.082850, 37.385330, -0.584219
695.000000 , -122.082935, 37.385369, -0.257624
696.000000 , -122.083014, 37.385411, -0.409554
697.000000 , -122.083095, 37.385451, -0.803276
698.000000 , -122.083185, 37.385493, -0.882803
699.000000 , -122.083271, 37.385535, -1.299275
700.000000 , -122.083352, 37.385578, -1.568575
701.000000 , -122.083438, 37.385620, -1.063662
702.000000 , -122.083523, 37.385659, -0.353674
703.000000 , -122.083604, 37.385698, -0.274159
704.000000 , -122.083687, 37.385738, -0.310402
705.000000 , -122.083778, 37.385779, 0.673638
706.000000 , -122.083874, 37.385823, 1.686494
707.000000 , -122.083974, 37.385874, 1.769588
708.000000 , -122.084083, 37.385924, 1.943456
709.000000 , -122.084197, 37.385974, 2.038846
710.000000 , -122.084314, 37.386027, 1.783283
711.000000 , -122.084445, 37.386080, 2.258037
712.000000 , -122.084581, 37.386139, 2.576475
713.000000 , -122.084721, 37.386204, 2.990669
714.000000 , -122.084865, 37.386275, 2.629753
715.000000 , -122.085014, 37.386347, 2.715529
716.000000 , -122.085159, 37.386420, 2.803632
717.000000 , -122.085297, 37.386493, 2.425486
718.000000 , -122.085435, 37.386563, 2.338284
719.000000 , -122.085577, 37.386630, 2.324148
720.000000 , -122.085723, 37.386700, 1.898008
721.000000 , -122.085872, 37.386767, 1.639835
722.000000 , -122.086020, 37.386833, 1.185560
723.000000 , -122.086164, 37.386902, 1.377088
724.000000 , -122.086315, 37.386970, 2.502234
725.000000 , -122.086421, 37.387031, -9.823369
726.000000 , -122.086550, 37.387115, -14.344334
727.000000 , -122.086671, 37.387191, -15.991061
728.000000 , -122.086815, 37.387271, -11.891227
729.000000 , -122.086940, 37.387328, -9.896495
730.000000 , -122.087064, 37.387386, -8.143497
731.000000 , -122.087184, 37.387441, -6.815697
732.000000 , -122.087300, 37.387483, -5.221159
733.000000 , -122.087376, 37.387536, -5.403400
734.000000 , -122.087455, 37.387570, -3.592825
735.000000 , -122.087523, 37.387595, -3.545130
736.000000 , -122.087581, 37.387614, -1.877953
737.000000 , -122.087613, 37.387637, -2.431725
738.000000 , -122.087635, 37.387640, -1.978120
739.000000 , -122.087647, 37.387643, -1.735975
740.000000 , -122.087657, 37.387632, -1.386463
741.000000 , -122.087663, 37.387637, -1.065381
742.000000 , -122.087674, 37.387647, -0.784208
743.000000 , -122.087683, 37.387654, 0.078401
744.000000 , -122.087701, 37.387664, 0.623520
745.000000 , -122.087715, 37.387674, 0.938870
746.000000 , -122.087735, 37.387678, 2.416369
747.000000 , -122.087747, 37.387681, 3.733305
748.000000 , -122.087761, 37.387683, 5.648447
749.000000 , -122.087765, 37.387686, 5.970360
750.000000 , -122.087767, 37.387688, 5.755758
751.000000 , -122.087762, 37.387687, 5.073954
752.000000 , -122.087768, 37.387688, 6.004019
753.000000 , -122.087776, 37.387695, 6.096109
754.000000 , -122.087778, 37.387695, 6.135933
755.000000 , -122.087783, 37.387694, 6.441022
756.000000 , -122.087788, 37.387695, 6.725594
757.000000 , -122.087790, 37.387700, 6.573578
758.000000 , -122.087788, 37.387700, 5.945344
759.000000 , -122.087793, 37.387695, 7.213123
760.000000 , -122.087796, 37.387693, 7.624891
761.000000 , -122.087802, 37.387689, 8.382079
762.000000 , -122.087802, 37.387688, 8.696446
763.000000 , -122.087808, 37.387682, 10.738373
764.000000 , -122.087809, 37.387681, 11.431623
765.000000 , -122.087809, 37.387682, 12.090858
766.000000 , -122.087805, 37.387682, 12.622408
767.000000 , -122.087806, 37.387678, 12.900837
768.000000 , -122.087805, 37.387677, 13.204546
769.000000 , -122.087801, 37.387676, 12.854791
770.000000 , -122.087801, 37.387679, 13.134071
771.000000 , -122.087800, 37.387680, 13.067437
772.000000 , -122.087800, 37.387680, 13.054547
773.000000 , -122.087800, 37.387677, 13.198994
774.000000 , -122.087799, 37.387678, 13.101511
775.000000 , -122.087798, 37.387677, 13.085724
776.000000 , -122.087796, 37.387675, 13.037413
777.000000 , -122.087795, 37.387674, 13.114927
778.000000 , -122.087793, 37.387672, 13.081405
779.000000 , -122.087793, 37.387671, 13.228795
780.000000 , -122.087791, 37.387670, 13.506352
781.000000 , -122.087792, 37.387667, 13.759363
782.000000 , -122.087790, 37.387665, 13.668702
783.000000 , -122.087792, 37.387661, 14.466362
784.000000 , -122.087791, 37.387661, 14.868114
785.000000 , -122.087789, 37.387659, 14.756158
786.000000 , -122.087789, 37.387659, 14.833520
787.000000 , -122.087789, 37.387661, 14.558024
788.000000 , -122.087788, 37.387660, 14.519611
789.000000 , -122.087790, 37.387659, 14.600097
790.000000 , -122.087792, 37.387661, 14.573140
791.000000 , -122.087791, 37.387662, 14.083397
792.000000 , -122.087793, 37.387662, 14.351341
793.000000 , -122.087795, 37.387663, 14.532467
794.000000 , -122.087794, 37.387664, 14.124692
795.000000 , -122.087796, 37.387666, 14.471644
796.000000 , -122.087796, 37.387667, 14.610180
797.000000 , -122.087795, 37.387668, 14.504449
798.000000 , -122.087793, 37.387670, 14.094796
799.000000 , -122.087792, 37.387672, 13.795425
800.000000 , -122.087789, 37.387674, 13.465697
801.000000 , -122.087787, 37.387674, 13.359282
802.000000 , -122.087786, 37.387675, 13.349455
803.000000 , -122.087791, 37.387677, 13.575901
804.000000 , -122.087794, 37.387679, 13.549237
805.000000 , -122.087795, 37.387681, 13.728860
806.000000 , -122.087795, 37.387681, 13.908952
807.000000 , -122.087800, 37.387684, 13.736094
808.000000 , -122.087818, 37.387691, 14.017332
809.000000 , -122.087850, 37.387707, 13.936480
810.000000 , -122.087900, 37.387733, 13.693038
811.000000 , -122.087967, 37.387765, 13.667706
812.000000 , -122.088046, 37.387804, 13.460705
813.000000 , -122.088141, 37.387853, 13.359278
814.000000 , -122.088241, 37.387906, 13.003700
815.000000 , -122.088353, 37.387964, 12.456700
816.000000 , -122.088471, 37.388023, 12.301803
817.000000 , -122.088597, 37.388085, 11.960397
818.000000 , -122.088729, 37.388153, 11.538532
819.000000 , -122.088867, 37.388220, 11.587098
820.000000 , -122.089010, 37.388291, 11.520375
821.000000 , -122.089157, 37.388363, 11.515667
822.000000 , -122.089296, 37.388439, 10.821427
823.000000 , -122.089437, 37.388515, 10.126316
824.000000 , -122.089581, 37.388586, 10.346844
825.000000 , -122.089722, 37.388657, 9.758942
826.000000 , -122.089857, 37.388726, 9.211121
827.000000 , -122.089995, 37.388792, 9.016934
828.000000 , -122.090129, 37.388860, 9.347318
829.000000 , -122.090268, 37.388929, 9.772961
830.000000 , -122.090416, 37.389000, 12.676729
831.000000 , -122.090563, 37.389071, 13.720241
832.000000 , -122.090712, 37.389148, 13.393448
833.000000 , -122.090861, 37.389224, 13.084089
834.000000 , -122.091010, 37.389301, 12.636968
835.000000 , -122.091154, 37.389372, 11.302520
836.000000 , -122.091301, 37.389450, 11.178016
837.000000 , -122.091446, 37.389531, 11.915531
838.000000 , -122.091586, 37.389603, 11.311272
839.000000 , -122.091739, 37.389678, 12.424419
840.000000 , -122.091887, 37.389748, 11.486215
841.000000 , -122.092040, 37.389825, 10.797813
842.000000 , -122.092196, 37.389898, 10.411372
843.000000 , -122.092357, 37.389974, 10.578403
844.000000 , -122.092517, 37.390046, 10.861594
845.000000 , -122.092678, 37.390120, 10.790067
846.000000 , -122.092843, 37.390196, 13.081192
847.000000 , -122.093016, 37.390265, 15.651218
848.000000 , -122.093173, 37.390322, 11.783836
849.000000 , -122.093327, 37.390386, 10.048715
850.000000 , -122.093481, 37.390472, 9.474537
851.000000 , -122.093630, 37.390559, 8.618414
852.000000 , -122.093791, 37.390641, 11.584476
853.000000 , -122.093939, 37.390731, 14.581697
854.000000 , -122.094072, 37.390825, 15.163653
855.000000 , -122.094188, 37.390911, 14.557469
856.000000 , -122.094295, 37.390992, 14.122049
857.000000 , -122.094396, 37.391073, 14.384717
858.000000 , -122.094490, 37.391154, 14.431211
859.000000 , -122.094573, 37.391219, 14.146574
860.000000 , -122.094652, 37.391283, 13.647210
861.000000 , -122.094704, 37.391351, 11.085585
862.000000 , -122.094758, 37.391408, 10.058091
863.000000 , -122.094803, 37.391459, 8.830260
864.000000 , -122.094841, 37.391497, 7.848304
865.000000 , -122.094865, 37.391522, 6.573350
866.000000 , -122.094876, 37.391534, 5.685955
867.000000 , -122.094875, 37.391538, 4.455780
868.000000 , -122.094873, 37.391537, 2.271190
869.000000 , -122.094866, 37.391534, 0.688940
870.000000 , -122.094862, 37.391533, -0.730648
871.000000 , -122.094855, 37.391532, -1.939528
872.000000 , -122.094854, 37.391532, -2.506535
873.000000 , -122.094846, 37.391531, -3.609407
874.000000 , -122.094843, 37.391532, -4.001348
875.000000 , -122.094837, 37.391532, -4.125713
876.000000 , -122.094834, 37.391532, -4.299528
877.000000 , -122.094832, 37.391533, -4.162470
878.000000 , -122.094830, 37.391533, -3.802535
879.000000 , -122.094829, 37.391534, -3.732862
880.000000 , -122.094828, 37.391537, -3.747943
881.000000 , -122.094827, 37.391541, -4.173104
882.000000 , -122.094834, 37.391548, -4.168984
883.000000 , -122.094845, 37.391558, -4.101713
884.000000 , -122.094865, 37.391579, -4.088652
885.000000 , -122.094899, 37.391611, -4.168742
886.000000 , -122.094946, 37.391657, -4.195007
887.000000 , -122.095003, 37.391717, -4.607878
888.000000 , -122.095070, 37.391787, -5.371718
889.000000 , -122.095147, 37.391870, -6.235940
890.000000 , -122.095228, 37.391955, -6.756003
891.000000 , -122.095317, 37.392050, -7.523711
892.000000 , -122.095406, 37.392148, -7.830725
893.000000 , -122.095497, 37.392246, -8.580517
894.000000 , -122.095593, 37.392344, -9.064058
895.000000 , -122.095684, 37.392441, -9.563952
896.000000 , -122.095776, 37.392535, -9.701614
897.000000 , -122.095867, 37.392629, -9.703950
898.000000 , -122.095959, 37.392722, -9.911718
899.000000 , -122.096055, 37.392816, -9.963209
900.000000 , -122.096159, 37.392913, -10.160213
901.000000 , -122.096266, 37.393009, -10.414027
902.000000 , -122.096377, 37.393105, -10.541901
903.000000 , -122.096493, 37.393200, -10.373430
904.000000 , -122.096615, 37.393295, -10.271540
905.000000 , -122.096747, 37.393390, -10.309278
906.000000 , -122.096881, 37.393484, -9.930529
907.000000 , -122.097021, 37.393575, -9.623058
908.000000 , -122.097163, 37.393662, -9.665639
909.000000 , -122.097305, 37.393748, -9.674388
910.000000 , -122.097445, 37.393827, -9.687859
911.000000 , -122.097589, 37.393903, -9.629265
912.000000 , -122.097726, 37.393976, -9.875603
913.000000 , -122.097868, 37.394043, -9.799482
914.000000 , -122.098014, 37.394110, -9.715002
915.000000 , -122.098165, 37.394179, -10.330187
916.000000 , -122.098324, 37.394248, -10.625367
917.000000 , -122.098487, 37.394320, -11.009995
918.000000 , -122.098653, 37.394394, -11.078204
919.000000 , -122.098820, 37.394469, -11.122116
920.000000 , -122.098985, 37.394549, -11.613649
921.000000 , -122.099148, 37.394618, -11.069759
922.000000 , -122.099308, 37.394687, -11.736911
923.000000 , -122.099466, 37.394754, -12.291791
924.000000 , -122.099630, 37.394814, -10.019980
925.000000 , -122.099794, 37.394876, -8.061041
926.000000 , -122.099961, 37.394933, -4.453550
927.000000 , -122.100122, 37.394997, -1.598062
928.000000 , -122.100279, 37.395067, 1.384991
929.000000 , -122.100425, 37.395146, 0.077889
930.000000 , -122.100579, 37.395202, 0.378772
931.000000 , -122.100730, 37.395257, -0.065244
932.000000 , -122.100873, 37.395318, 0.034212
933.000000 , -122.101008, 37.395379, -0.245662
934.000000 , -122.101143, 37.395441, 0.029674
935.000000 , -122.101272, 37.395499, -0.551996
936.000000 , -122.101395, 37.395554, -1.255506
937.000000 , -122.101523, 37.395607, -0.955656
938.000000 , -122.101643, 37.395662, -0.777953
939.000000 , -122.101760, 37.395719, -0.324783
940.000000 , -122.101876, 37.395776, -0.211035
941.000000 , -122.101996, 37.395830, 0.139500
942.000000 , -122.102120, 37.395887, 0.809646
943.000000 , -122.102243, 37.395944, 0.815206
944.000000 , -122.102369, 37.396000, 0.676054
945.000000 , -122.102494, 37.396055, 0.282765
946.000000 , -122.102615, 37.396102, 0.268219
947.000000 , -122.102729, 37.396143, -0.208949
948.000000 , -122.102828, 37.396176, -0.214579
949.000000 , -122.102908, 37.396200, 0.682772
950.000000 , -122.102964, 37.396226, 0.570519
951.000000 , -122.103001, 37.396246, 0.677803
952.000000 , -122.103023, 37.396258, 0.587505
953.000000 , -122.103033, 37.396258, 1.210004
954.000000 , -122.103035, 37.396261, 1.549115
955.000000 , -122.103029, 37.396264, 1.734826
956.000000 , -122.103024, 37.396267, 1.254499
957.000000 , -122.103018, 37.396270, 0.789534
958.000000 , -122.103015, 37.396278, 0.227837
959.000000 , -122.103021, 37.396293, -0.057647
960.000000 , -122.103032, 37.396298, 0.534953
961.000000 , -122.103043, 37.396298, 1.167712
962.000000 , -122.103051, 37.396303, 1.966789
963.000000 , -122.103052, 37.396304, 2.585820
964.000000 , -122.103055, 37.396310, 2.880440
965.000000 , -122.103058, 37.396309, 3.203279
966.000000 , -122.103062, 37.396309, 3.757420
967.000000 , -122.103062, 37.396307, 4.525230
968.000000 , -122.103063, 37.396306, 4.662225
969.000000 , -122.103063, 37.396309, 4.668273
970.000000 , -122.103066, 37.396309, 4.745439
971.000000 , -122.103067, 37.396312, 5.013910
972.000000 , -122.103067, 37.396317, 4.369296
973.000000 , -122.103067, 37.396320, 4.796436
974.000000 , -122.103069, 37.396323, 4.963868
975.000000 , -122.103072, 37.396324, 5.231536
976.000000 , -122.103072, 37.396326, 5.002119
977.000000 , -122.103074, 37.396324, 5.316510
978.000000 , -122.103077, 37.396323, 5.497105
979.000000 , -122.103080, 37.396322, 5.338197
980.000000 , -122.103082, 37.396321, 4.909262
981.000000 , -122.103082, 37.396318, 4.837425
982.000000 , -122.103083, 37.396316, 4.809505
983.000000 , -122.103083, 37.396314, 4.451081
984.000000 , -122.103086, 37.396311, 4.911907
985.000000 , -122.103083, 37.396309, 4.799083
986.000000 , -122.103082, 37.396306, 5.111996
987.000000 , -122.103084, 37.396301, 5.849913
988.000000 , -122.103085, 37.396298, 6.137117
989.000000 , -122.103085, 37.396294, 6.655941
990.000000 , -122.103082, 37.396293, 6.992800
991.000000 , -122.103080, 37.396289, 7.194767
992.000000 , -122.103078, 37.396289, 7.246180
993.000000 , -122.103078, 37.396286, 7.818159
994.000000 , -122.103078, 37.396284, 7.612554
995.000000 , -122.103077, 37.396283, 7.451466
996.000000 , -122.103076, 37.396283, 7.161236
997.000000 , -122.103075, 37.396283, 7.156190
998.000000 , -122.103074, 37.396282, 7.158489
999.000000 , -122.103075, 37.396283, 7.291307
1000.000000 , -122.103074, 37.396283, 7.319239
1001.000000 , -122.103075, 37.396283, 7.344072
1002.000000 , -122.103076, 37.396285, 7.203966
1003.000000 , -122.103077, 37.396287, 6.974966
1004.000000 , -122.103078, 37.396289, 6.508390
1005.000000 , -122.103079, 37.396291, 6.439101
1006.000000 , -122.103077, 37.396293, 5.966814
1007.000000 , -122.103075, 37.396293, 5.595282
1008.000000 , -122.103074, 37.396293, 5.746904
1009.000000 , -122.103074, 37.396293, 5.476535
1010.000000 , -122.103074, 37.396292, 5.497296
1011.000000 , -122.103072, 37.396292, 5.203238
1012.000000 , -122.103070, 37.396290, 5.287196
1013.000000 , -122.103068, 37.396288, 5.456082
1014.000000 , -122.103066, 37.396286, 5.628960
1015.000000 , -122.103062, 37.396286, 5.154050
1016.000000 , -122.103060, 37.396283, 5.198816
1017.000000 , -122.103059, 37.396281, 5.231667
1018.000000 , -122.103058, 37.396280, 5.052538
1019.000000 , -122.103058, 37.396278, 5.376014
1020.000000 , -122.103058, 37.396276, 5.774101
1021.000000 , -122.103058, 37.396274, 5.897029
1022.000000 , -122.103062, 37.396274, 5.965688
1023.000000 , -122.103068, 37.396278, 5.753691
1024.000000 , -122.103081, 37.396285, 5.290728
1025.000000 , -122.103098, 37.396291, 4.907840
1026.000000 , -122.103115, 37.396299, 5.232861
1027.000000 , -122.103131, 37.396304, 4.789784
1028.000000 , -122.103141, 37.396309, 4.697983
1029.000000 , -122.103145, 37.396310, 4.895662
1030.000000 , -122.103145, 37.396309, 5.054701
1031.000000 , -122.103145, 37.396310, 5.009038
1032.000000 , -122.103145, 37.396310, 4.909434
1033.000000 , -122.103145, 37.396311, 4.622608
1034.000000 , -122.103145, 37.396313, 4.347894
1035.000000 , -122.103146, 37.396313, 4.128317
1036.000000 , -122.103146, 37.396314, 4.450468
1037.000000 , -122.103146, 37.396313, 4.697202
1038.000000 , -122.103146, 37.396312, 4.881347
1039.000000 , -122.103146, 37.396313, 4.793544
1040.000000 , -122.103146, 37.396313, 4.825028
1041.000000 , -122.103147, 37.396316, 5.186357
1042.000000 , -122.103148, 37.396319, 4.950303
1043.000000 , -122.103146, 37.396316, 3.450292
1044.000000 , -122.103145, 37.396321, 3.825607
1045.000000 , -122.103143, 37.396326, 4.268375
1046.000000 , -122.103141, 37.396327, 4.804107
1047.000000 , -122.103140, 37.396327, 4.734452
1048.000000 , -122.103148, 37.396333, 4.643058
1049.000000 , -122.103165, 37.396334, 4.650317
1050.000000 , -122.103189, 37.396324, 4.468071
1051.000000 , -122.103208, 37.396300, 4.473349
1052.000000 , -122.103202, 37.396271, 4.105857
1053.000000 , -122.103166, 37.396247, 4.939505
1054.000000 , -122.103102, 37.396217, 5.867070
1055.000000 , -122.103001, 37.396182, 5.789078
1056.000000 , -122.102871, 37.396143, 4.552466
1057.000000 , -122.102744, 37.396095, 4.036547
1058.000000 , -122.102610, 37.396044, 3.909941
1059.000000 , -122.102473, 37.395984, 4.029030
1060.000000 , -122.102328, 37.395916, 4.107249
1061.000000 , -122.102188, 37.395846, 4.036083
1062.000000 , -122.102032, 37.395772, 3.817135
1063.000000 , -122.101868, 37.395703, 3.330369
1064.000000 , -122.101694, 37.395628, 2.934047
1065.000000 , -122.101518, 37.395550, 2.633815
1066.000000 , -122.101330, 37.395465, 2.553638
1067.000000 , -122.101137, 37.395381, 1.978600
1068.000000 , -122.100945, 37.395295, 1.449903
1069.000000 , -122.100752, 37.395207, 1.592014
1070.000000 , -122.100561, 37.395121, 1.474616
1071.000000 , -122.100370, 37.395035, 1.562884
1072.000000 , -122.100181, 37.394950, 1.780283
1073.000000 , -122.099978, 37.394864, 3.016237
1074.000000 , -122.099774, 37.394775, 3.076968
1075.000000 , -122.099579, 37.394691, 2.814583
1076.000000 , -122.099381, 37.394613, 3.435717
1077.000000 , -122.099184, 37.394532, 3.728307
1078.000000 , -122.098986, 37.394448, 4.093219
1079.000000 , -122.098800, 37.394363, 4.129470
1080.000000 , -122.098615, 37.394281, 3.369871
1081.000000 , -122.098431, 37.394199, 3.088172
1082.000000 , -122.098245, 37.394120, 2.765216
1083.000000 , -122.098070, 37.394043, 2.365495
1084.000000 , -122.097898, 37.393965, 2.222440
1085.000000 , -122.097723, 37.393879, 2.487079
1086.000000 , -122.097546, 37.393787, 2.100428
1087.000000 , -122.097374, 37.393688, 1.749920
1088.000000 , -122.097205, 37.393584, 1.018630
1089.000000 , -122.097046, 37.393489, 1.356776
1090.000000 , -122.096898, 37.393389, 1.123144
1091.000000 , -122.096752, 37.393284, 0.203806
1092.000000 , -122.096611, 37.393174, 0.039981
1093.000000 , -122.096482, 37.393065, -0.203243
1094.000000 , -122.096362, 37.392959, -0.416950
1095.000000 , -122.096249, 37.392857, -0.532025
1096.000000 , -122.096144, 37.392761, -0.191291
1097.000000 , -122.096051, 37.392670, -0.107362
1098.000000 , -122.095961, 37.392582, -0.115486
1099.000000 , -122.095883, 37.392502, -0.049464
1100.000000 , -122.095802, 37.392423, -0.086547
1101.000000 , -122.095715, 37.392342, -0.251037
1102.000000 , -122.095630, 37.392259, -0.364310
1103.000000 , -122.095541, 37.392163, -0.547092
1104.000000 , -122.095455, 37.392063, -0.726044
1105.000000 , -122.095360, 37.391956, -0.778304
1106.000000 , -122.095264, 37.391842, -0.994671
1107.000000 , -122.095165, 37.391727, -0.820123
1108.000000 , -122.095061, 37.391611, -0.981638
1109.000000 , -122.094946, 37.391496, -1.003011
1110.000000 , -122.094823, 37.391381, -0.875227
1111.000000 , -122.094693, 37.391273, -0.463345
1112.000000 , -122.094552, 37.391173, 0.497567
1113.000000 , -122.094435, 37.391079, -0.226128
1114.000000 , -122.094308, 37.390983, 0.007534
1115.000000 , -122.094170, 37.390899, 0.532608
1116.000000 , -122.094041, 37.390817, 0.742441
1117.000000 , -122.093906, 37.390731, 1.162341
1118.000000 , -122.093770, 37.390648, 0.840603
1119.000000 , -122.093635, 37.390564, 0.883150
1120.000000 , -122.093494, 37.390477, 0.904805
1121.000000 , -122.093357, 37.390403, 1.059763
1122.000000 , -122.093209, 37.390331, 1.481754
1123.000000 , -122.093064, 37.390262, 1.286549
1124.000000 , -122.092920, 37.390194, 1.302539
1125.000000 , -122.092775, 37.390126, 1.260574
1126.000000 , -122.092635, 37.390062, 0.940163
1127.000000 , -122.092503, 37.389991, 0.992318
1128.000000 , -122.092362, 37.389924, 0.698895
1129.000000 , -122.092219, 37.389851, 0.633186
1130.000000 , -122.092064, 37.389774, 0.199640
1131.000000 , -122.091908, 37.389695, 0.066397
1132.000000 , -122.091749, 37.389617, -0.000854
1133.000000 , -122.091591, 37.389540, -0.334452
1134.000000 , -122.091441, 37.389465, -0.156257
1135.000000 , -122.091297, 37.389390, -0.179402
1136.000000 , -122.091157, 37.389319, 0.053870
1137.000000 , -122.091021, 37.389248, 0.807542
1138.000000 , -122.090886, 37.389178, 1.637873
1139.000000 , -122.090747, 37.389109, 2.195525
1140.000000 , -122.090614, 37.389042, 1.864567
1141.000000 , -122.090488, 37.388981, 2.132899
1142.000000 , -122.090376, 37.388923, 2.214488
1143.000000 , -122.090276, 37.388869, 2.484642
1144.000000 , -122.090185, 37.388823, 2.346871
1145.000000 , -122.090105, 37.388780, 2.270298
1146.000000 , -122.090031, 37.388740, 1.922581
1147.000000 , -122.089965, 37.388705, 1.710996
1148.000000 , -122.089906, 37.388676, 1.526608
1149.000000 , -122.089870, 37.388657, 1.354267
1150.000000 , -122.089841, 37.388645, 1.138022
1151.000000 , -122.089811, 37.388629, 1.416811
1152.000000 , -122.089788, 37.388622, 1.070128
1153.000000 , -122.089771, 37.388610, 0.867293
1154.000000 , -122.089753, 37.388604, 0.400961
1155.000000 , -122.089740, 37.388602, 0.019961
1156.000000 , -122.089735, 37.388597, 0.387838
1157.000000 , -122.089732, 37.388595, 0.502986
1158.000000 , -122.089733, 37.388592, 0.403942
1159.000000 , -122.089734, 37.388592, 0.330198
1160.000000 , -122.089734, 37.388592, 0.255367
1161.000000 , -122.089735, 37.388590, 0.011454
1162.000000 , -122.089733, 37.388589, -0.135941
1163.000000 , -122.089730, 37.388587, -0.202907
1164.000000 , -122.089728, 37.388583, 0.122233
1165.000000 , -122.089725, 37.388582, 0.437905
1166.000000 , -122.089721, 37.388578, 0.697064
1167.000000 , -122.089715, 37.388574, 0.858439
1168.000000 , -122.089713, 37.388571, 1.138875
1169.000000 , -122.089708, 37.388566, 1.224711
1170.000000 , -122.089706, 37.388565, 1.518541
1171.000000 , -122.089701, 37.388564, 1.973091
1172.000000 , -122.089700, 37.388565, 2.137760
1173.000000 , -122.089694, 37.388561, 2.406964
1174.000000 , -122.089689, 37.388558, 2.327988
1175.000000 , -122.089684, 37.388556, 2.337525
1176.000000 , -122.089683, 37.388555, 2.318266
1177.000000 , -122.089682, 37.388555, 2.348436
1178.000000 , -122.089682, 37.388554, 2.542048
1179.000000 , -122.089683, 37.388555, 2.402106
1180.000000 , -122.089685, 37.388557, 2.344376
1181.000000 , -122.089685, 37.388557, 2.065099
1182.000000 , -122.089684, 37.388559, 1.696258
1183.000000 , -122.089688, 37.388561, 1.173343
1184.000000 , -122.089689, 37.388564, 0.558998
1185.000000 , -122.089693, 37.388566, 0.227562
1186.000000 , -122.089691, 37.388566, -0.039536
1187.000000 , -122.089686, 37.388567, 0.213929
1188.000000 , -122.089682, 37.388566, 0.348908
1189.000000 , -122.089679, 37.388566, 0.155229
1190.000000 , -122.089679, 37.388565, 0.095520
1191.000000 , -122.089677, 37.388563, -0.042561
1192.000000 , -122.089676, 37.388561, -0.304835
1193.000000 , -122.089674, 37.388559, -0.210843
1194.000000 , -122.089674, 37.388559, -0.372621
1195.000000 , -122.089675, 37.388557, -0.228942
1196.000000 , -122.089674, 37.388556, -0.065134
1197.000000 , -122.089673, 37.388554, 0.046210
1198.000000 , -122.089673, 37.388553, 0.226943
1199.000000 , -122.089671, 37.388551, 0.453317
1200.000000 , -122.089671, 37.388550, 0.546992
1201.000000 , -122.089669, 37.388550, 0.577641
1202.000000 , -122.089668, 37.388550, 0.712558
1203.000000 , -122.089665, 37.388551, 0.538556
1204.000000 , -122.089663, 37.388553, 0.317557
1205.000000 , -122.089661, 37.388552, 0.265915
1206.000000 , -122.089659, 37.388553, 0.179289
1207.000000 , -122.089657, 37.388553, 0.061964
1208.000000 , -122.089654, 37.388551, 0.037042
1209.000000 , -122.089645, 37.388547, 0.160468
1210.000000 , -122.089633, 37.388541, 0.345251
1211.000000 , -122.089624, 37.388535, 0.132492
1212.000000 , -122.089612, 37.388528, -0.411148
1213.000000 , -122.089590, 37.388514, -0.853027
1214.000000 , -122.089552, 37.388491, -1.082246
1215.000000 , -122.089496, 37.388458, -0.806369
1216.000000 , -122.089437, 37.388426, -1.210526
1217.000000 , -122.089366, 37.388394, -2.272998
1218.000000 , -122.089276, 37.388354, -2.831996
1219.000000 , -122.089180, 37.388309, -3.050330
1220.000000 , -122.089081, 37.388261, -2.848676
1221.000000 , -122.088978, 37.388212, -2.334167
1222.000000 , -122.088880, 37.388163, -2.705142
1223.000000 , -122.088781, 37.388114, -3.012204
1224.000000 , -122.088678, 37.388061, -3.028322
1225.000000 , -122.088577, 37.388011, -3.179975
1226.000000 , -122.088466, 37.387954, -2.792704
1227.000000 , -122.088348, 37.387899, -3.058134
1228.000000 , -122.088230, 37.387841, -3.092340
1229.000000 , -122.088102, 37.387782, -3.058627
1230.000000 , -122.087973, 37.387723, -2.707306
1231.000000 , -122.087842, 37.387661, -2.555742
1232.000000 , -122.087711, 37.387600, -2.575510
1233.000000 , -122.087580, 37.387539, -2.181372
1234.000000 , -122.087452, 37.387477, -1.897107
1235.000000 , -122.087318, 37.387412, -0.826522
1236.000000 , -122.087187, 37.387346, -0.549628
1237.000000 , -122.087051, 37.387279, -0.964832
1238.000000 , -122.086921, 37.387217, -1.699578
1239.000000 , -122.086800, 37.387158, -1.883424
1240.000000 , -122.086685, 37.387098, -1.601954
1241.000000 , -122.086563, 37.387038, -1.585804
1242.000000 , -122.086445, 37.386979, -1.652574
1243.000000 , -122.086326, 37.386919, -1.499652
1244.000000 , -122.086208, 37.386855, -1.382693
1245.000000 , -122.086088, 37.386793, -0.946821
1246.000000 , -122.085972, 37.386731, -0.595958
1247.000000 , -122.085839, 37.386669, 1.191983
1248.000000 , -122.085714, 37.386614, 2.196473
1249.000000 , -122.085592, 37.386557, 2.364109
1250.000000 , -122.085479, 37.386503, 2.344357
1251.000000 , -122.085376, 37.386445, 3.844396
1252.000000 , -122.085270, 37.386386, 4.599213
1253.000000 , -122.085183, 37.386341, 4.943662
1254.000000 , -122.085106, 37.386303, 4.708352
1255.000000 , -122.085044, 37.386268, 4.341966
1256.000000 , -122.084986, 37.386238, 3.615804
1257.000000 , -122.084936, 37.386214, 3.525055
1258.000000 , -122.084894, 37.386193, 3.404112
1259.000000 , -122.084862, 37.386178, 3.503112
1260.000000 , -122.084838, 37.386170, 3.847800
1261.000000 , -122.084823, 37.386165, 3.910429
1262.000000 , -122.084808, 37.386163, 4.918763
1263.000000 , -122.084805, 37.386168, 6.343369
1264.000000 , -122.084808, 37.386173, 6.411447
1265.000000 , -122.084814, 37.386174, 7.054287
1266.000000 , -122.084822, 37.386179, 7.646971
1267.000000 , -122.084831, 37.386179, 8.234600
1268.000000 , -122.084840, 37.386181, 8.955901
1269.000000 , -122.084849, 37.386186, 9.324154
1270.000000 , -122.084856, 37.386188, 9.765588
1271.000000 , -122.084867, 37.386189, 10.633473
1272.000000 , -122.084869, 37.386192, 11.296712
1273.000000 , -122.084868, 37.386194, 12.254049
1274.000000 , -122.084864, 37.386192, 13.326204
1275.000000 , -122.084865, 37.386193, 14.157293
1276.000000 , -122.084869, 37.386197, 14.533015
1277.000000 , -122.084872, 37.386200, 14.996774
1278.000000 , -122.084874, 37.386199, 15.760566
1279.000000 , -122.084876, 37.386201, 16.372754
1280.000000 , -122.084875, 37.386200, 17.241631
1281.000000 , -122.084877, 37.386198, 18.380506
1282.000000 , -122.084877, 37.386197, 19.514543
1283.000000 , -122.084872, 37.386196, 20.061845
1284.000000 , -122.084869, 37.386195, 20.842965
1285.000000 , -122.084867, 37.386193, 20.946794
1286.000000 , -122.084863, 37.386190, 20.617275
1287.000000 , -122.084859, 37.386185, 20.740728
1288.000000 , -122.084858, 37.386183, 20.634013
1289.000000 , -122.084855, 37.386181, 20.793123
1290.000000 , -122.084853, 37.386180, 20.838104
1291.000000 , -122.084850, 37.386178, 20.976420
1292.000000 , -122.084847, 37.386181, 21.107902
1293.000000 , -122.084845, 37.386179, 21.241001
1294.000000 , -122.084843, 37.386177, 21.559109
1295.000000 , -122.084841, 37.386176, 21.643632
1296.000000 , -122.084840, 37.386177, 21.273817
1297.000000 , -122.084837, 37.386175, 21.025299
1298.000000 , -122.084836, 37.386175, 20.708731
1299.000000 , -122.084831, 37.386173, 20.571761
1300.000000 , -122.084830, 37.386173, 20.328397
1301.000000 , -122.084828, 37.386172, 20.121448
1302.000000 , -122.084827, 37.386171, 19.719899
1303.000000 , -122.084827, 37.386172, 19.412322
1304.000000 , -122.084827, 37.386171, 19.601490
1305.000000 , -122.084826, 37.386170, 19.434821
1306.000000 , -122.084828, 37.386169, 19.239080
1307.000000 , -122.084830, 37.386169, 19.288909
1308.000000 , -122.084829, 37.386168, 19.630177
1309.000000 , -122.084831, 37.386167, 19.407445
1310.000000 , -122.084831, 37.386167, 19.057685
1311.000000 , -122.084829, 37.386166, 19.024589
1312.000000 , -122.084830, 37.386164, 19.122388
1313.000000 , -122.084830, 37.386163, 19.142797
1314.000000 , -122.084833, 37.386160, 19.515040
1315.000000 , -122.084832, 37.386157, 19.558418
1316.000000 , -122.084832, 37.386154, 19.633850
1317.000000 , -122.084831, 37.386153, 19.550590
1318.000000 , -122.084830, 37.386151, 19.319921
1319.000000 , -122.084829, 37.386149, 19.329726
1320.000000 , -122.084828, 37.386148, 19.517792
1321.000000 , -122.084827, 37.386147, 19.709218
1322.000000 , -122.084827, 37.386148, 19.885438
1323.000000 , -122.084829, 37.386149, 19.998971
1324.000000 , -122.084828, 37.386148, 20.337460
1325.000000 , -122.084827, 37.386148, 20.419734
1326.000000 , -122.084825, 37.386147, 20.549136
1327.000000 , -122.084823, 37.386148, 20.551632
1328.000000 , -122.084820, 37.386149, 20.308914
1329.000000 , -122.084816, 37.386149, 20.540221
1330.000000 , -122.084816, 37.386150, 20.750191
1331.000000 , -122.084817, 37.386149, 20.754490
1332.000000 , -122.084817, 37.386149, 20.664922
1333.000000 , -122.084813, 37.386146, 20.548881
1334.000000 , -122.084809, 37.386145, 20.668585
1335.000000 , -122.084804, 37.386142, 20.665487
1336.000000 , -122.084787, 37.386138, 19.074632
1337.000000 , -122.084768, 37.386131, 18.330678
1338.000000 , -122.084745, 37.386120, 17.415928
1339.000000 , -122.084710, 37.386107, 16.319683
1340.000000 , -122.084661, 37.386091, 15.815390
1341.000000 , -122.084607, 37.386068, 16.205191
1342.000000 , -122.084545, 37.386037, 16.616139
1343.000000 , -122.084471, 37.386002, 17.292881
1344.000000 , -122.084395, 37.385962, 17.501341
1345.000000 , -122.084327, 37.385927, 17.402894
1346.000000 , -122.084261, 37.385888, 17.535387
1347.000000 , -122.084193, 37.385852, 17.517866
1348.000000 , -122.084122, 37.385810, 16.921970
1349.000000 , -122.084036, 37.385768, 16.900662
1350.000000 , -122.083947, 37.385721, 16.968847
1351.000000 , -122.083849, 37.385672, 16.658844
1352.000000 , -122.083749, 37.385619, 16.121059
1353.000000 , -122.083642, 37.385567, 15.701370
1354.000000 , -122.083533, 37.385510, 15.615019
1355.000000 , -122.083417, 37.385455, 15.507336
1356.000000 , -122.083304, 37.385398, 15.274309
1357.000000 , -122.083192, 37.385342, 15.213600
1358.000000 , -122.083074, 37.385284, 15.117644
1359.000000 , -122.082950, 37.385222, 15.032763
1360.000000 , -122.082820, 37.385160, 14.681710
1361.000000 , -122.082688, 37.385093, 14.827933
1362.000000 , -122.082556, 37.385024, 14.846539
1363.000000 , -122.082417, 37.384955, 15.393873
1364.000000 , -122.082277, 37.384884, 15.818109
1365.000000 , -122.082131, 37.384810, 15.341991
1366.000000 , -122.081983, 37.384735, 15.988767
1367.000000 , -122.081834, 37.384659, 17.823474
1368.000000 , -122.081687, 37.384583, 18.541451
1369.000000 , -122.081537, 37.384506, 18.705748
1370.000000 , -122.081389, 37.384427, 19.226216
1371.000000 , -122.081243, 37.384352, 19.239911
1372.000000 , -122.081092, 37.384277, 19.113897
1373.000000 , -122.080940, 37.384206, 18.495561
1374.000000 , -122.080789, 37.384133, 17.830263
1375.000000 , -122.080641, 37.384062, 17.470587
1376.000000 , -122.080492, 37.383990, 17.100525
1377.000000 , -122.080348, 37.383917, 16.832286
1378.000000 , -122.080205, 37.383847, 16.773733
1379.000000 , -122.080065, 37.383777, 16.377356
1380.000000 , -122.079932, 37.383710, 16.087160
1381.000000 , -122.079802, 37.383656, 16.832987
1382.000000 , -122.079676, 37.383601, 16.209677
1383.000000 , -122.079555, 37.383543, 15.726724
1384.000000 , -122.079435, 37.383483, 15.575918
1385.000000 , -122.079319, 37.383422, 15.353939
1386.000000 , -122.079202, 37.383362, 14.959663
1387.000000 , -122.079086, 37.383302, 15.493147
1388.000000 , -122.078975, 37.383248, 15.287405
1389.000000 , -122.078869, 37.383200, 14.858418
1390.000000 , -122.078764, 37.383154, 14.422582
1391.000000 , -122.078656, 37.383110, 13.759120
1392.000000 , -122.078544, 37.383060, 13.495585
1393.000000 , -122.078429, 37.383004, 13.460342
1394.000000 , -122.078318, 37.382951, 13.071989
1395.000000 , -122.078214, 37.382899, 13.047057
1396.000000 , -122.078121, 37.382854, 12.493465
1397.000000 , -122.078037, 37.382814, 12.304059
1398.000000 , -122.077975, 37.382786, 12.039776
1399.000000 , -122.077932, 37.382764, 11.615312
1400.000000 , -122.077901, 37.382747, 11.060978
1401.000000 , -122.077882, 37.382740, 9.992867
1402.000000 , -122.077868, 37.382735, 9.729535
1403.000000 , -122.077861, 37.382731, 10.533262
1404.000000 , -122.077854, 37.382730, 11.319130
1405.000000 , -122.077841, 37.382724, 11.673390
1406.000000 , -122.077839, 37.382720, 11.804210
1407.000000 , -122.077831, 37.382720, 12.205767
1408.000000 , -122.077820, 37.382718, 12.675949
1409.000000 , -122.077821, 37.382719, 12.660411
1410.000000 , -122.077820, 37.382719, 13.012715
1411.000000 , -122.077825, 37.382720, 12.616145
1412.000000 , -122.077826, 37.382719, 12.634709
1413.000000 , -122.077827, 37.382720, 12.307831
1414.000000 , -122.077826, 37.382726, 11.085505
1415.000000 , -122.077819, 37.382725, 11.300309
1416.000000 , -122.077818, 37.382723, 11.351311
1417.000000 , -122.077819, 37.382722, 11.238107
1418.000000 , -122.077820, 37.382722, 11.223915
1419.000000 , -122.077815, 37.382721, 11.285186
1420.000000 , -122.077814, 37.382719, 11.328324
1421.000000 , -122.077812, 37.382719, 11.598667
1422.000000 , -122.077808, 37.382715, 11.906687
1423.000000 , -122.077802, 37.382712, 12.470291
1424.000000 , -122.077799, 37.382710, 12.801743
1425.000000 , -122.077799, 37.382711, 12.536741
1426.000000 , -122.077798, 37.382711, 12.622486
1427.000000 , -122.077798, 37.382711, 12.801771
1428.000000 , -122.077794, 37.382710, 12.972574
1429.000000 , -122.077794, 37.382711, 13.045081
1430.000000 , -122.077793, 37.382711, 13.172071
1431.000000 , -122.077795, 37.382711, 13.375563
1432.000000 , -122.077795, 37.382711, 13.578744
1433.000000 , -122.077797, 37.382712, 13.665044
1434.000000 , -122.077797, 37.382711, 14.020293
1435.000000 , -122.077796, 37.382710, 13.945457
1436.000000 , -122.077797, 37.382710, 14.055119
1437.000000 , -122.077798, 37.382710, 14.243688
1438.000000 , -122.077796, 37.382708, 14.540527
1439.000000 , -122.077794, 37.382707, 14.779328
1440.000000 , -122.077794, 37.382707, 14.778966
1441.000000 , -122.077794, 37.382706, 14.965242
1442.000000 , -122.077793, 37.382705, 14.864257
1443.000000 , -122.077792, 37.382703, 15.243543
1444.000000 , -122.077791, 37.382701, 15.519491
1445.000000 , -122.077790, 37.382699, 16.173073
1446.000000 , -122.077791, 37.382697, 16.678781
1447.000000 , -122.077793, 37.382694, 17.250226
1448.000000 , -122.077793, 37.382693, 17.907116
1449.000000 , -122.077792, 37.382691, 18.462119
1450.000000 , -122.077791, 37.382690, 18.808685
1451.000000 , -122.077791, 37.382692, 18.513706
1452.000000 , -122.077789, 37.382691, 18.781679
1453.000000 , -122.077790, 37.382691, 18.999858
1454.000000 , -122.077789, 37.382691, 18.963038
1455.000000 , -122.077788, 37.382691, 18.807917
1456.000000 , -122.077787, 37.382688, 19.305935
1457.000000 , -122.077785, 37.382687, 19.569634
1458.000000 , -122.077784, 37.382685, 19.811606
1459.000000 , -122.077784, 37.382684, 20.099493
1460.000000 , -122.077783, 37.382683, 20.275725
1461.000000 , -122.077784, 37.382683, 20.492534
1462.000000 , -122.077783, 37.382683, 20.518208
1463.000000 , -122.077785, 37.382684, 20.555936
1464.000000 , -122.077782, 37.382686, 19.742092
1465.000000 , -122.077772, 37.382679, 20.219753
1466.000000 , -122.077749, 37.382670, 20.427055
1467.000000 , -122.077703, 37.382665, 20.054754
1468.000000 , -122.077640, 37.382673, 18.854251
1469.000000 , -122.077572, 37.382699, 18.969204
1470.000000 , -122.077510, 37.382739, 20.415966
1471.000000 , -122.077444, 37.382789, 21.223556
1472.000000 , -122.077388, 37.382843, 20.264927
1473.000000 , -122.077333, 37.382918, 19.134983
1474.000000 , -122.077278, 37.383005, 19.563083
1475.000000 , -122.077217, 37.383093, 20.813948
1476.000000 , -122.077159, 37.383194, 22.883035
1477.000000 , -122.077095, 37.383293, 21.434567
1478.000000 , -122.077033, 37.383390, 21.350540
1479.000000 , -122.076972, 37.383474, 20.648904
1480.000000 , -122.076912, 37.383558, 19.506633
1481.000000 , -122.076842, 37.383645, 19.224537
1482.000000 , -122.076772, 37.383733, 16.865090
1483.000000 , -122.076710, 37.383814, 16.361544
1484.000000 , -122.076641, 37.383905, 16.096782
1485.000000 , -122.076577, 37.383984, 14.972808
1486.000000 , -122.076506, 37.384066, 13.813789
1487.000000 , -122.076439, 37.384161, 15.229657
1488.000000 , -122.076371, 37.384245, 15.794739
1489.000000 , -122.076304, 37.384343, 18.018429
1490.000000 , -122.076237, 37.384430, 18.999099
1491.000000 , -122.076172, 37.384535, 21.021553
1492.000000 , -122.076111, 37.384617, 22.321920
1493.000000 , -122.076052, 37.384695, 22.710019
1494.000000 , -122.076001, 37.384762, 22.959982
1495.000000 , -122.075961, 37.384819, 23.281858
1496.000000 , -122.075929, 37.384866, 23.172045
1497.000000 , -122.075904, 37.384906, 21.016632
1498.000000 , -122.075887, 37.384926, 19.531959
1499.000000 , -122.075878, 37.384934, 17.774480
1500.000000 , -122.075878, 37.384948, 17.870626
1501.000000 , -122.075869, 37.384966, 17.753413
1502.000000 , -122.075864, 37.384993, 16.773236
1503.000000 , -122.075866, 37.385049, 14.822120
1504.000000 , -122.075892, 37.385105, 13.168012
1505.000000 , -122.075949, 37.385148, 12.648181
1506.000000 , -122.076019, 37.385194, 12.186678
1507.000000 , -122.076097, 37.385243, 10.492324
1508.000000 , -122.076182, 37.385287, 10.817931
1509.000000 , -122.076268, 37.385330, 10.925735
1510.000000 , -122.076356, 37.385372, 10.135996
1511.000000 , -122.076428, 37.385411, 9.098477
1512.000000 , -122.076493, 37.385446, 7.424451
1513.000000 , -122.076552, 37.385484, 6.425844
1514.000000 , -122.076606, 37.385514, 4.860487
1515.000000 , -122.076665, 37.385537, 3.475384
1516.000000 , -122.076722, 37.385561, 2.279110
1517.000000 , -122.076784, 37.385581, 1.406182
1518.000000 , -122.076844, 37.385581, 1.056695
1519.000000 , -122.076895, 37.385564, 1.242571
1520.000000 , -122.076943, 37.385529, 1.553828
1521.000000 , -122.076991, 37.385481, 1.299678
1522.000000 , -122.077045, 37.385415, 0.306074
1523.000000 , -122.077108, 37.385337, -0.248321
1524.000000 , -122.077169, 37.385258, -0.296705
1525.000000 , -122.077235, 37.385175, -0.832506
1526.000000 , -122.077296, 37.385089, -1.115681
1527.000000 , -122.077365, 37.385002, -0.453048
1528.000000 , -122.077428, 37.384914, -0.776279
1529.000000 , -122.077492, 37.384818, -0.869287
1530.000000 , -122.077553, 37.384730, -0.565143
1531.000000 , -122.077616, 37.384635, -0.668959
1532.000000 , -122.077680, 37.384539, -1.037452
1533.000000 , -122.077749, 37.384444, -1.084375
1534.000000 , -122.077813, 37.384354, -0.917832
1535.000000 , -122.077878, 37.384261, -0.724249
1536.000000 , -122.077941, 37.384166, -0.994557
1537.000000 , -122.078009, 37.384071, -0.890678
1538.000000 , -122.078073, 37.383980, -1.246742
1539.000000 , -122.078134, 37.383892, -1.139105
1540.000000 , -122.078198, 37.383804, -0.701511
1541.000000 , -122.078265, 37.383717, -0.488177
1542.000000 , -122.078328, 37.383635, -0.818853
1543.000000 , -122.078387, 37.383557, -0.536221
1544.000000 , -122.078445, 37.383485, -0.387386
1545.000000 , -122.078494, 37.383426, -0.170609
1546.000000 , -122.078535, 37.383379, 0.047076
1547.000000 , -122.078567, 37.383345, 0.057710
1548.000000 , -122.078589, 37.383324, 0.841628
1549.000000 , -122.078606, 37.383309, 0.963689
1550.000000 , -122.078655, 37.383293, 1.936832
1551.000000 , -122.078722, 37.383290, 2.389822
1552.000000 , -122.078807, 37.383310, 2.274610
1553.000000 , -122.078910, 37.383351, 3.016681
1554.000000 , -122.079030, 37.383408, 3.106095
1555.000000 , -122.079166, 37.383477, 2.991114
1556.000000 , -122.079323, 37.383549, 3.120581
1557.000000 , -122.079495, 37.383631, 3.101430
1558.000000 , -122.079679, 37.383725, 2.826424
1559.000000 , -122.079870, 37.383821, 3.679045
1560.000000 , -122.080066, 37.383922, 3.324664
1561.000000 , -122.080272, 37.384019, 3.064198
1562.000000 , -122.080476, 37.384117, 3.265806
1563.000000 , -122.080681, 37.384215, 3.090780
1564.000000 , -122.080886, 37.384313, 3.385778
1565.000000 , -122.081096, 37.384413, 3.233167
1566.000000 , -122.081310, 37.384509, 3.517617
1567.000000 , -122.081521, 37.384612, 3.057846
1568.000000 , -122.081722, 37.384716, 2.094651
1569.000000 , -122.081912, 37.384813, 1.618466
1570.000000 , -122.082089, 37.384899, 0.986990
1571.000000 , -122.082253, 37.384982, 0.729607
1572.000000 , -122.082404, 37.385060, 0.173334
1573.000000 , -122.082538, 37.385127, 0.222111
1574.000000 , -122.082657, 37.385187, 0.378090
1575.000000 , -122.082768, 37.385238, 0.104249
1576.000000 , -122.082867, 37.385288, -0.458039
1577.000000 , -122.082959, 37.385333, -0.810381
1578.000000 , -122.083039, 37.385389, -5.934863
1579.000000 , -122.083097, 37.385445, -10.030421
1580.000000 , -122.083179, 37.385482, -8.866975
1581.000000 , -122.083262, 37.385510, -7.344118
1582.000000 , -122.083305, 37.385531, -4.841210
1583.000000 , -122.083330, 37.385543, -2.513426
1584.000000 , -122.083349, 37.385549, -1.600357
1585.000000 , -122.083375, 37.385555, -0.287291
1586.000000 , -122.083378, 37.385560, 0.303206
1587.000000 , -122.083383, 37.385556, 1.196868
1588.000000 , -122.083392, 37.385566, 1.332608
1589.000000 , -122.083397, 37.385571, 1.910707
1590.000000 , -122.083414, 37.385585, 1.762204
1591.000000 , -122.083448, 37.385600, 1.060301
1592.000000 , -122.083500, 37.385622, 1.711310
1593.000000 , -122.083570, 37.385653, 2.745490
1594.000000 , -122.083654, 37.385693, 2.879331
1595.000000 , -122.083742, 37.385739, 2.657688
1596.000000 , -122.083841, 37.385787, 2.822383
1597.000000 , -122.083951, 37.385843, 2.528700
1598.000000 , -122.084083, 37.385894, 3.391340
1599.000000 , -122.084224, 37.385954, 4.595121
1600.000000 , -122.084365, 37.386021, 5.212298
1601.000000 , -122.084522, 37.386090, 6.126845
1602.000000 , -122.084676, 37.386167, 7.348846
1603.000000 , -122.084832, 37.386242, 7.333382
1604.000000 , -122.084995, 37.386326, 7.217261
1605.000000 , -122.085154, 37.386409, 6.141102
1606.000000 , -122.085320, 37.386492, 5.970870
1607.000000 , -122.085481, 37.386576, 5.822483
1608.000000 , -122.085641, 37.386658, 5.721733
1609.000000 , -122.085800, 37.386737, 6.223729
1610.000000 , -122.085962, 37.386823, 5.246626
1611.000000 , -122.086119, 37.386903, 4.921405
1612.000000 , -122.086281, 37.386987, 5.668464
1613.000000 , -122.086441, 37.387066, 6.348108
1614.000000 , -122.086594, 37.387147, 5.438280
1615.000000 , -122.086747, 37.387228, 4.914614
1616.000000 , -122.086898, 37.387306, 4.042557
1617.000000 , -122.087045, 37.387380, 3.831213
1618.000000 , -122.087184, 37.387449, 3.513382
1619.000000 , -122.087313, 37.387510, 3.598042
1620.000000 , -122.087425, 37.387565, 3.240573
1621.000000 , -122.087522, 37.387611, 2.970366
1622.000000 , -122.087602, 37.387650, 2.816682
1623.000000 , -122.087657, 37.387676, 2.503831
1624.000000 , -122.087689, 37.387691, 2.835573
1625.000000 , -122.087708, 37.387700, 2.277467
1626.000000 , -122.087713, 37.387698, 1.892115
1627.000000 , -122.087718, 37.387701, 1.265748
1628.000000 , -122.087720, 37.387703, 1.256174
1629.000000 , -122.087724, 37.387706, 0.920728
1630.000000 , -122.087725, 37.387704, 0.869895
1631.000000 , -122.087720, 37.387701, 0.406197
1632.000000 , -122.087721, 37.387699, 0.292457
1633.000000 , -122.087721, 37.387697, 0.076017
1634.000000 , -122.087721, 37.387696, 0.146600
1635.000000 , -122.087721, 37.387696, -0.829696
1636.000000 , -122.087719, 37.387696, -1.257088
1637.000000 , -122.087719, 37.387695, -1.502341
1638.000000 , -122.087722, 37.387694, -1.971966
1639.000000 , -122.087724, 37.387698, -1.978350
1640.000000 , -122.087726, 37.387698, -1.959416
1641.000000 , -122.087727, 37.387700, -2.651395
1642.000000 , -122.087729, 37.387702, -3.021302
1643.000000 , -122.087729, 37.387705, -2.965678
1644.000000 , -122.087730, 37.387708, -3.006151
1645.000000 , -122.087731, 37.387710, -3.078063
1646.000000 , -122.087731, 37.387712, -3.035493
1647.000000 , -122.087731, 37.387712, -3.081585
1648.000000 , -122.087730, 37.387715, -3.192087
1649.000000 , -122.087730, 37.387716, -3.967497
1650.000000 , -122.087730, 37.387718, -4.252430
1651.000000 , -122.087729, 37.387718, -4.454985
1652.000000 , -122.087728, 37.387719, -4.572230
1653.000000 , -122.087728, 37.387720, -4.427184
1654.000000 , -122.087729, 37.387722, -4.320190
1655.000000 , -122.087729, 37.387723, -4.131361
1656.000000 , -122.087728, 37.387723, -3.916726
1657.000000 , -122.087729, 37.387724, -4.067366
1658.000000 , -122.087730, 37.387725, -3.946856
1659.000000 , -122.087731, 37.387727, -3.824982
1660.000000 , -122.087730, 37.387728, -3.908093
1661.000000 , -122.087730, 37.387729, -4.055676
1662.000000 , -122.087730, 37.387730, -4.185100
1663.000000 , -122.087730, 37.387731, -4.396525
1664.000000 , -122.087730, 37.387732, -4.403964
1665.000000 , -122.087731, 37.387733, -4.542774
1666.000000 , -122.087733, 37.387734, -4.611522
1667.000000 , -122.087734, 37.387736, -4.679904
1668.000000 , -122.087735, 37.387737, -4.807992
1669.000000 , -122.087735, 37.387737, -4.578217
1670.000000 , -122.087735, 37.387736, -4.726517
1671.000000 , -122.087733, 37.387734, -4.716863
1672.000000 , -122.087732, 37.387734, -4.808927
1673.000000 , -122.087731, 37.387736, -5.631337
1674.000000 , -122.087737, 37.387737, -5.490473
1675.000000 , -122.087750, 37.387743, -5.647343
1676.000000 , -122.087781, 37.387757, -5.971674
1677.000000 , -122.087828, 37.387778, -5.544693
1678.000000 , -122.087890, 37.387808, -5.144349
1679.000000 , -122.087965, 37.387845, -5.002711
1680.000000 , -122.088049, 37.387884, -4.869628
1681.000000 , -122.088146, 37.387931, -5.089538
1682.000000 , -122.088257, 37.387985, -5.254862
1683.000000 , -122.088375, 37.388043, -5.148051
1684.000000 , -122.088500, 37.388104, -4.898700
1685.000000 , -122.088634, 37.388169, -4.492820
1686.000000 , -122.088779, 37.388240, -4.283797
1687.000000 , -122.088929, 37.388314, -4.595431
1688.000000 , -122.089080, 37.388388, -4.455643
1689.000000 , -122.089234, 37.388467, -4.333272
1690.000000 , -122.089394, 37.388546, -4.238662
1691.000000 , -122.089559, 37.388629, -4.185471
1692.000000 , -122.089721, 37.388706, -3.680201
1693.000000 , -122.089889, 37.388785, -3.399291
1694.000000 , -122.090056, 37.388866, -3.448105
1695.000000 , -122.090222, 37.388945, -3.609300
1696.000000 , -122.090383, 37.389023, -3.974245
1697.000000 , -122.090545, 37.389099, -4.264102
1698.000000 , -122.090708, 37.389179, -4.198500
1699.000000 , -122.090876, 37.389262, -4.487491
1700.000000 , -122.091042, 37.389346, -4.474326
1701.000000 , -122.091202, 37.389429, -4.354243
1702.000000 , -122.091364, 37.389510, -4.575500
1703.000000 , -122.091527, 37.389592, -4.382232
1704.000000 , -122.091693, 37.389673, -4.238811
1705.000000 , -122.091862, 37.389755, -4.218103
1706.000000 , -122.092033, 37.389838, -4.365595
1707.000000 , -122.092205, 37.389920, -4.692965
1708.000000 , -122.092377, 37.390004, -4.756396
1709.000000 , -122.092544, 37.390086, -4.916460
1710.000000 , -122.092706, 37.390170, -4.406015
1711.000000 , -122.092867, 37.390251, -3.994078
1712.000000 , -122.093026, 37.390331, -3.393229
1713.000000 , -122.093184, 37.390410, -2.072267
1714.000000 , -122.093344, 37.390493, -1.415869
1715.000000 , -122.093507, 37.390583, -0.847626
1716.000000 , -122.093674, 37.390684, 2.219966
1717.000000 , -122.093840, 37.390781, 4.355147
1718.000000 , -122.093999, 37.390884, 4.344179
1719.000000 , -122.094142, 37.390991, 5.077407
1720.000000 , -122.094283, 37.391089, 4.848450
1721.000000 , -122.094417, 37.391186, 3.334635
1722.000000 , -122.094545, 37.391282, 1.801451
1723.000000 , -122.094655, 37.391380, 1.726444
1724.000000 , -122.094759, 37.391467, 1.087136
1725.000000 , -122.094843, 37.391543, 0.678720
1726.000000 , -122.094912, 37.391611, 0.477516
1727.000000 , -122.094964, 37.391660, -0.397695
1728.000000 , -122.095000, 37.391701, -0.947882
1729.000000 , -122.095019, 37.391723, -0.934044
1730.000000 , -122.095031, 37.391737, -1.292154
1731.000000 , -122.095039, 37.391743, -1.097039
1732.000000 , -122.095043, 37.391750, -0.861590
1733.000000 , -122.095047, 37.391755, -0.595851
1734.000000 , -122.095051, 37.391759, -0.118914
1735.000000 , -122.095052, 37.391759, -0.324566
1736.000000 , -122.095049, 37.391761, -0.204863
1737.000000 , -122.095046, 37.391761, -0.288430
1738.000000 , -122.095048, 37.391761, -0.723563
1739.000000 , -122.095050, 37.391763, -0.564344
1740.000000 , -122.095051, 37.391763, -0.234437
1741.000000 , -122.095053, 37.391765, -0.153386
1742.000000 , -122.095054, 37.391764, -0.295041
1743.000000 , -122.095054, 37.391765, -0.479388
1744.000000 , -122.095053, 37.391765, -0.454933
1745.000000 , -122.095050, 37.391762, -0.532087
1746.000000 , -122.095049, 37.391760, -0.810779
1747.000000 , -122.095049, 37.391759, -0.843888
1748.000000 , -122.095047, 37.391757, -1.223602
1749.000000 , -122.095046, 37.391755, -1.483546
1750.000000 , -122.095045, 37.391751, -1.858331
1751.000000 , -122.095043, 37.391750, -2.094919
1752.000000 , -122.095040, 37.391749, -2.371554
1753.000000 , -122.095037, 37.391747, -2.648077
1754.000000 , -122.095035, 37.391746, -2.775472
1755.000000 , -122.095034, 37.391743, -2.986166
1756.000000 , -122.095031, 37.391742, -3.159234
1757.000000 , -122.095027, 37.391741, -3.556794
1758.000000 , -122.095025, 37.391740, -3.780663
1759.000000 , -122.095022, 37.391739, -4.311382
1760.000000 , -122.095021, 37.391738, -4.473659
1761.000000 , -122.095020, 37.391737, -4.637670
1762.000000 , -122.095019, 37.391736, -4.750277
1763.000000 , -122.095021, 37.391735, -4.820617
1764.000000 , -122.095023, 37.391735, -4.863674
1765.000000 , -122.095023, 37.391735, -5.140854
1766.000000 , -122.095025, 37.391735, -5.479761
1767.000000 , -122.095026, 37.391736, -5.512923
1768.000000 , -122.095028, 37.391737, -5.571972
1769.000000 , -122.095030, 37.391738, -5.683033
1770.000000 , -122.095031, 37.391739, -5.725922
1771.000000 , -122.095033, 37.391740, -5.834591
1772.000000 , -122.095034, 37.391741, -5.820336
1773.000000 , -122.095034, 37.391744, -5.829026
1774.000000 , -122.095050, 37.391750, -5.145378
1775.000000 , -122.095062, 37.391766, -5.233967
1776.000000 , -122.095092, 37.391800, -5.179965
1777.000000 , -122.095142, 37.391853, -5.361019
1778.000000 , -122.095201, 37.391915, -5.388644
1779.000000 , -122.095266, 37.391986, -5.022336
1780.000000 , -122.095343, 37.392070, -5.249395
1781.000000 , -122.095430, 37.392157, -5.730664
1782.000000 , -122.095522, 37.392255, -5.926196
1783.000000 , -122.095617, 37.392354, -5.776385
1784.000000 , -122.095714, 37.392455, -5.971300
1785.000000 , -122.095814, 37.392555, -6.009791
1786.000000 , -122.095916, 37.392658, -6.152681
1787.000000 , -122.096022, 37.392763, -6.378308
1788.000000 , -122.096133, 37.392868, -6.597358
1789.000000 , -122.096245, 37.392973, -6.770667
1790.000000 , -122.096361, 37.393077, -6.720682
1791.000000 , -122.096486, 37.393182, -6.901229
1792.000000 , -122.096619, 37.393286, -7.074670
1793.000000 , -122.096760, 37.393392, -6.866839
1794.000000 , -122.096908, 37.393494, -6.788797
1795.000000 , -122.097056, 37.393594, -6.825224
1796.000000 , -122.097211, 37.393688, -6.654786
1797.000000 , -122.097364, 37.393778, -6.780582
1798.000000 , -122.097516, 37.393864, -6.965638
1799.000000 , -122.097670, 37.393945, -6.950821
1800.000000 , -122.097827, 37.394021, -6.983632
1801.000000 , -122.097987, 37.394096, -6.960068
1802.000000 , -122.098156, 37.394169, -6.921338
1803.000000 , -122.098329, 37.394245, -6.852284
1804.000000 , -122.098505, 37.394322, -7.120402
1805.000000 , -122.098684, 37.394403, -7.273751
1806.000000 , -122.098868, 37.394485, -7.370436
1807.000000 , -122.099054, 37.394569, -6.645373
1808.000000 , -122.099241, 37.394651, -6.336411
1809.000000 , -122.099424, 37.394729, -6.716125
1810.000000 , -122.099609, 37.394811, -6.615934
1811.000000 , -122.099793, 37.394893, -6.605917
1812.000000 , -122.099973, 37.394972, -6.455845
1813.000000 , -122.100151, 37.395053, -6.383662
1814.000000 , -122.100324, 37.395124, -6.690448
1815.000000 , -122.100497, 37.395202, -6.256852
1816.000000 , -122.100664, 37.395274, -6.243965
1817.000000 , -122.100826, 37.395346, -5.990316
1818.000000 , -122.100981, 37.395415, -6.000424
1819.000000 , -122.101131, 37.395481, -5.935149
1820.000000 , -122.101277, 37.395544, -6.060490
1821.000000 , -122.101423, 37.395607, -5.964253
1822.000000 , -122.101570, 37.395675, -5.933783
1823.000000 , -122.101715, 37.395743, -6.100041
1824.000000 , -122.101862, 37.395813, -6.318639
1825.000000 , -122.102004, 37.395878, -6.542183
1826.000000 , -122.102142, 37.395942, -6.748167
1827.000000 , -122.102269, 37.396000, -6.767995
1828.000000 , -122.102386, 37.396051, -7.067727
1829.000000 , -122.102489, 37.396097, -6.892729
1830.000000 , -122.102580, 37.396140, -6.548107
1831.000000 , -122.102663, 37.396176, -5.831302
1832.000000 , -122.102745, 37.396196, -5.500729
1833.000000 , -122.102829, 37.396219, -5.885579
1834.000000 , -122.102909, 37.396251, -5.757475
1835.000000 , -122.102979, 37.396280, -6.177788
1836.000000 , -122.103033, 37.396295, -7.026823
1837.000000 , -122.103072, 37.396305, -8.218008
1838.000000 , -122.103092, 37.396316, -7.904405
1839.000000 , -122.103100, 37.396321, -7.908482
1840.000000 , -122.103104, 37.396323, -7.951454
1841.000000 , -122.103103, 37.396327, -8.222541
1842.000000 , -122.103106, 37.396328, -8.603556
1843.000000 , -122.103108, 37.396330, -8.851693
1844.000000 , -122.103107, 37.396334, -8.917800
1845.000000 , -122.103108, 37.396338, -8.886758
1846.000000 , -122.103107, 37.396340, -8.698271
1847.000000 , -122.103102, 37.396340, -8.707675
1848.000000 , -122.103097, 37.396343, -8.775937
1849.000000 , -122.103091, 37.396343, -8.856387
1850.000000 , -122.103084, 37.396344, -8.793066
1851.000000 , -122.103080, 37.396345, -9.007481
1852.000000 , -122.103078, 37.396350, -8.838317
1853.000000 , -122.103077, 37.396352, -9.047652
1854.000000 , -122.103076, 37.396354, -9.148348
1855.000000 , -122.103073, 37.396358, -9.092232
1856.000000 , -122.103070, 37.396360, -8.924997
1857.000000 , -122.103067, 37.396362, -9.022238
1858.000000 , -122.103063, 37.396360, -9.371830
1859.000000 , -122.103060, 37.396362, -9.444096
1860.000000 , -122.103058, 37.396363, -9.589281
1861.000000 , -122.103056, 37.396366, -9.464742
1862.000000 , -122.103056, 37.396369, -9.410616
1863.000000 , -122.103059, 37.396373, -9.033847
1864.000000 , -122.103063, 37.396383, -8.432521
1865.000000 , -122.103066, 37.396388, -8.031098
1866.000000 , -122.103069, 37.396390, -7.887747
1867.000000 , -122.103071, 37.396391, -7.840715
1868.000000 , -122.103074, 37.396395, -7.444552
1869.000000 , -122.103077, 37.396397, -7.026000
1870.000000 , -122.103078, 37.396397, -6.799598
1871.000000 , -122.103083, 37.396397, -6.586899
1872.000000 , -122.103086, 37.396397, -6.549145
1873.000000 , -122.103091, 37.396397, -6.634588
1874.000000 , -122.103092, 37.396401, -6.563854
1875.000000 , -122.103092, 37.396407, -6.042137
1876.000000 , -122.103092, 37.396411, -5.715951
1877.000000 , -122.103093, 37.396415, -5.153273
1878.000000 , -122.103095, 37.396417, -4.756952
1879.000000 , -122.103096, 37.396420, -4.500834
1880.000000 , -122.103096, 37.396420, -4.543016
1881.000000 , -122.103097, 37.396419, -4.466305
1882.000000 , -122.103098, 37.396419, -4.407842
1883.000000 , -122.103099, 37.396419, -4.440299
1884.000000 , -122.103100, 37.396418, -4.436187
1885.000000 , -122.103101, 37.396416, -4.385520
1886.000000 , -122.103102, 37.396416, -4.322367
1887.000000 , -122.103103, 37.396417, -4.228519
1888.000000 , -122.103106, 37.396416, -4.187660
1889.000000 , -122.103109, 37.396415, -4.185340
1890.000000 , -122.103111, 37.396416, -4.023711
1891.000000 , -122.103112, 37.396412, -4.358656
1892.000000 , -122.103114, 37.396411, -4.149993
1893.000000 , -122.103115, 37.396412, -4.068332
1894.000000 , -122.103117, 37.396412, -4.006244
1895.000000 , -122.103119, 37.396412, -3.761188
1896.000000 , -122.103121, 37.396413, -3.486959
1897.000000 , -122.103121, 37.396416, -3.306266
1898.000000 , -122.103119, 37.396412, -3.811299
1899.000000 , -122.103120, 37.396412, -3.785474
1900.000000 , -122.103120, 37.396413, -3.683431
1901.000000 , -122.103120, 37.396415, -3.529691
1902.000000 , -122.103119, 37.396418, -3.479069
1903.000000 , -122.103118, 37.396421, -3.386675
1904.000000 , -122.103118, 37.396423, -3.363143
1905.000000 , -122.103119, 37.396423, -3.284828
1906.000000 , -122.103120, 37.396429, -2.761020
1907.000000 , -122.103121, 37.396431, -2.538617
1908.000000 , -122.103122, 37.396430, -2.602739
1909.000000 , -122.103123, 37.396431, -2.578622
1910.000000 , -122.103124, 37.396432, -2.409771
1911.000000 , -122.103124, 37.396432, -2.417099
1912.000000 , -122.103124, 37.396434, -2.433352
1913.000000 , -122.103123, 37.396431, -2.880453
1914.000000 , -122.103123, 37.396432, -2.981240
1915.000000 , -122.103123, 37.396432, -3.126256
1916.000000 , -122.103123, 37.396434, -2.975352
1917.000000 , -122.103124, 37.396434, -3.006945
1918.000000 , -122.103125, 37.396432, -3.086010
1919.000000 , -122.103125, 37.396433, -3.111216
1920.000000 , -122.103126, 37.396433, -2.995878
1921.000000 , -122.103126, 37.396432, -2.987568
1922.000000 , -122.103127, 37.396433, -2.826579
1923.000000 , -122.103128, 37.396433, -2.642486
1924.000000 , -122.103130, 37.396434, -2.404853
1925.000000 , -122.103131, 37.396434, -2.343083
1926.000000 , -122.103132, 37.396433, -2.205049
1927.000000 , -122.103133, 37.396433, -1.918446
1928.000000 , -122.103136, 37.396432, -1.750704
1929.000000 , -122.103137, 37.396432, -1.522184
1930.000000 , -122.103139, 37.396435, -1.158314
1931.000000 , -122.103139, 37.396436, -0.862458
1932.000000 , -122.103141, 37.396440, -0.344841
1933.000000 , -122.103142, 37.396439, -0.243531
1934.000000 , -122.103142, 37.396439, -0.044907
1935.000000 , -122.103141, 37.396437, -0.130994
1936.000000 , -122.103141, 37.396436, -0.011386
1937.000000 , -122.103141, 37.396436, 0.007181
1938.000000 , -122.103140, 37.396438, 0.250309
1939.000000 , -122.103140, 37.396438, 0.311045
1940.000000 , -122.103140, 37.396437, 0.370164
1941.000000 , -122.103141, 37.396439, 0.517927
1942.000000 , -122.103143, 37.396442, 0.762503
1943.000000 , -122.103143, 37.396440, 0.637076
1944.000000 , -122.103144, 37.396442, 0.837200
1945.000000 , -122.103144, 37.396442, 0.853357
1946.000000 , -122.103143, 37.396443, 0.874276
1947.000000 , -122.103144, 37.396443, 1.007006
1948.000000 , -122.103144, 37.396443, 1.158140
1949.000000 , -122.103145, 37.396445, 1.385593
1950.000000 , -122.103145, 37.396443, 1.299874
1951.000000 , -122.103145, 37.396443, 1.395026
1952.000000 , -122.103146, 37.396445, 1.604563
1953.000000 , -122.103159, 37.396445, 1.822544
1954.000000 , -122.103171, 37.396439, 1.514261
1955.000000 , -122.103192, 37.396426, 1.097797
1956.000000 , -122.103205, 37.396406, 0.471376
1957.000000 , -122.103206, 37.396373, -0.151609
1958.000000 , -122.103187, 37.396334, -0.220323
1959.000000 , -122.103151, 37.396294, 0.829167
1960.000000 , -122.103090, 37.396246, 0.245083
1961.000000 , -122.103021, 37.396201, -0.644207
1962.000000 , -122.102957, 37.396160, -0.857473
1963.000000 , -122.102905, 37.396112, -1.998313
1964.000000 , -122.102860, 37.396072, -3.206468
1965.000000 , -122.102841, 37.396037, -3.597029
1966.000000 , -122.102830, 37.396006, -3.885803
1967.000000 , -122.102824, 37.395972, -4.259554
1968.000000 , -122.102844, 37.395945, -4.662358
1969.000000 , -122.102871, 37.395919, -4.742920
1970.000000 , -122.102893, 37.395887, -4.933277
1971.000000 , -122.102915, 37.395862, -4.872615
1972.000000 , -122.102945, 37.395843, -4.767293
1973.000000 , -122.102971, 37.395836, -4.306580
1974.000000 , -122.102984, 37.395840, -3.846687
1975.000000 , -122.102992, 37.395845, -3.442090
1976.000000 , -122.103004, 37.395844, -3.182436
1977.000000 , -122.103008, 37.395843, -3.355489
1978.000000 , -122.103015, 37.395840, -3.301699
1979.000000 , -122.103017, 37.395841, -3.746859
1980.000000 , -122.103012, 37.395843, -3.975776
1981.000000 , -122.103010, 37.395846, -4.350657
1982.000000 , -122.103004, 37.395847, -4.404352
1983.000000 , -122.103005, 37.395849, -4.385647
1984.000000 , -122.103003, 37.395849, -4.306989
1985.000000 , -122.103000, 37.395849, -4.505467
1986.000000 , -122.103000, 37.395847, -4.366372
1987.000000 , -122.103000, 37.395847, -4.563890
1988.000000 , -122.103000, 37.395846, -4.561377
1989.000000 , -122.103000, 37.395846, -4.524960
1990.000000 , -122.102999, 37.395846, -4.648064
1991.000000 , -122.102999, 37.395848, -4.484968
1992.000000 , -122.102995, 37.395849, -4.573622
1993.000000 , -122.102991, 37.395849, -4.502668
1994.000000 , -122.102985, 37.395849, -4.296140
1995.000000 , -122.102985, 37.395849, -4.412427
1996.000000 , -122.102983, 37.395850, -4.319699
1997.000000 , -122.102980, 37.395850, -4.100924
1998.000000 , -122.102979, 37.395849, -4.046648
1999.000000 , -122.102974, 37.395848, -3.462059
