121.000000 , -122.098616, 37.394193, -5.450000
122.000000 , -122.098615, 37.394192, -5.450000
123.000000 , -122.098614, 37.394192, -5.440000
124.000000 , -122.098612, 37.394191, -5.450000
125.000000 , -122.098610, 37.394190, -5.450000
126.000000 , -122.098608, 37.394190, -5.450000
127.000000 , -122.098608, 37.394189, -5.450000
128.000000 , -122.098608, 37.394189, -5.450000
129.000000 , -122.098608, 37.394189, -5.450000
130.000000 , -122.098608, 37.394189, -5.450000
131.000000 , -122.098607, 37.394189, -5.450000
132.000000 , -122.098601, 37.394187, -5.440000
133.000000 , -122.098583, 37.394178, -5.430000
134.000000 , -122.098549, 37.394163, -5.420000
135.000000 , -122.098500, 37.394141, -5.410000
136.000000 , -122.098436, 37.394112, -5.400000
137.000000 , -122.098360, 37.394078, -5.340000
138.000000 , -122.098274, 37.394040, -5.260000
139.000000 , -122.098177, 37.393997, -5.210000
140.000000 , -122.098071, 37.393949, -5.260000
141.000000 , -122.097956, 37.393896, -5.240000
142.000000 , -122.097835, 37.393839, -5.180000
143.000000 , -122.097711, 37.393778, -5.150000
144.000000 , -122.097587, 37.393713, -5.100000
145.000000 , -122.097465, 37.393647, -5.060000
146.000000 , -122.097345, 37.393578, -5.000000
147.000000 , -122.097223, 37.393505, -4.940000
148.000000 , -122.097102, 37.393428, -4.900000
149.000000 , -122.096983, 37.393348, -4.850000
150.000000 , -122.096868, 37.393267, -4.770000
151.000000 , -122.096758, 37.393186, -4.670000
152.000000 , -122.096655, 37.393106, -4.570000
153.000000 , -122.096558, 37.393027, -4.490000
154.000000 , -122.096467, 37.392950, -4.420000
155.000000 , -122.096385, 37.392878, -4.310000
156.000000 , -122.096311, 37.392810, -4.180000
157.000000 , -122.096240, 37.392745, -4.040000
158.000000 , -122.096172, 37.392681, -3.950000
159.000000 , -122.096106, 37.392620, -3.820000
160.000000 , -122.096048, 37.392563, -3.730000
161.000000 , -122.096002, 37.392516, -3.660000
162.000000 , -122.095962, 37.392474, -3.610000
163.000000 , -122.095926, 37.392437, -3.560000
164.000000 , -122.095892, 37.392400, -3.510000
165.000000 , -122.095855, 37.392361, -3.470000
166.000000 , -122.095814, 37.392317, -3.430000
167.000000 , -122.095768, 37.392266, -3.330000
168.000000 , -122.095716, 37.392208, -3.260000
169.000000 , -122.095659, 37.392144, -3.210000
170.000000 , -122.095597, 37.392073, -3.170000
171.000000 , -122.095531, 37.391997, -3.100000
172.000000 , -122.095460, 37.391915, -3.020000
173.000000 , -122.095387, 37.391832, -2.910000
174.000000 , -122.095316, 37.391750, -2.860000
175.000000 , -122.095246, 37.391670, -2.790000
176.000000 , -122.095173, 37.391591, -2.730000
177.000000 , -122.095095, 37.391512, -2.650000
178.000000 , -122.095013, 37.391432, -2.600000
179.000000 , -122.094925, 37.391350, -2.550000
180.000000 , -122.094840, 37.391276, -2.520000
181.000000 , -122.094766, 37.391216, -2.470000
182.000000 , -122.094707, 37.391168, -2.390000
183.000000 , -122.094662, 37.391133, -2.320000
184.000000 , -122.094633, 37.391111, -2.290000
185.000000 , -122.094614, 37.391097, -2.260000
186.000000 , -122.094598, 37.391084, -2.240000
187.000000 , -122.094582, 37.391073, -2.230000
188.000000 , -122.094564, 37.391059, -2.210000
189.000000 , -122.094534, 37.391037, -2.190000
190.000000 , -122.094486, 37.391002, -2.150000
191.000000 , -122.094423, 37.390956, -2.090000
192.000000 , -122.094346, 37.390902, -2.030000
193.000000 , -122.094257, 37.390842, -1.970000
194.000000 , -122.094157, 37.390777, -1.900000
195.000000 , -122.094048, 37.390707, -1.840000
196.000000 , -122.093933, 37.390636, -1.740000
197.000000 , -122.093819, 37.390568, -1.660000
198.000000 , -122.093701, 37.390500, -1.590000
199.000000 , -122.093578, 37.390433, -1.520000
200.000000 , -122.093456, 37.390368, -1.440000
201.000000 , -122.093336, 37.390305, -1.400000
202.000000 , -122.093214, 37.390242, -1.380000
203.000000 , -122.093085, 37.390178, -1.360000
204.000000 , -122.092956, 37.390114, -1.350000
205.000000 , -122.092827, 37.390051, -1.290000
206.000000 , -122.092696, 37.389986, -1.200000
207.000000 , -122.092562, 37.389919, -1.140000
208.000000 , -122.092425, 37.389852, -1.050000
209.000000 , -122.092286, 37.389782, -0.980000
210.000000 , -122.092144, 37.389712, -0.920000
211.000000 , -122.092001, 37.389641, -0.840000
212.000000 , -122.091859, 37.389569, -0.750000
213.000000 , -122.091713, 37.389497, -0.680000
214.000000 , -122.091569, 37.389426, -0.630000
215.000000 , -122.091427, 37.389355, -0.610000
216.000000 , -122.091288, 37.389285, -0.570000
217.000000 , -122.091150, 37.389216, -0.550000
218.000000 , -122.091015, 37.389149, -0.540000
219.000000 , -122.090883, 37.389085, -0.520000
220.000000 , -122.090750, 37.389020, -0.550000
221.000000 , -122.090618, 37.388954, -0.510000
222.000000 , -122.090489, 37.388890, -0.510000
223.000000 , -122.090364, 37.388828, -0.510000
224.000000 , -122.090243, 37.388768, -0.530000
225.000000 , -122.090126, 37.388708, -0.530000
226.000000 , -122.090017, 37.388651, -0.520000
227.000000 , -122.089919, 37.388599, -0.530000
228.000000 , -122.089831, 37.388553, -0.530000
229.000000 , -122.089752, 37.388512, -0.540000
230.000000 , -122.089680, 37.388474, -0.570000
231.000000 , -122.089616, 37.388440, -0.580000
232.000000 , -122.089560, 37.388411, -0.590000
233.000000 , -122.089514, 37.388387, -0.580000
234.000000 , -122.089480, 37.388369, -0.570000
235.000000 , -122.089457, 37.388358, -0.540000
236.000000 , -122.089446, 37.388352, -0.530000
237.000000 , -122.089443, 37.388351, -0.520000
238.000000 , -122.089443, 37.388351, -0.520000
239.000000 , -122.089443, 37.388351, -0.520000
240.000000 , -122.089443, 37.388351, -0.520000
241.000000 , -122.089443, 37.388351, -0.520000
242.000000 , -122.089443, 37.388351, -0.520000
243.000000 , -122.089443, 37.388351, -0.520000
244.000000 , -122.089443, 37.388351, -0.520000
245.000000 , -122.089443, 37.388351, -0.520000
246.000000 , -122.089443, 37.388351, -0.520000
247.000000 , -122.089443, 37.388351, -0.520000
248.000000 , -122.089443, 37.388351, -0.520000
249.000000 , -122.089443, 37.388351, -0.520000
250.000000 , -122.089443, 37.388351, -0.520000
251.000000 , -122.089443, 37.388351, -0.520000
252.000000 , -122.089443, 37.388351, -0.520000
253.000000 , -122.089443, 37.388351, -0.520000
254.000000 , -122.089443, 37.388351, -0.520000
255.000000 , -122.089443, 37.388351, -0.520000
256.000000 , -122.089443, 37.388351, -0.520000
257.000000 , -122.089443, 37.388351, -0.520000
258.000000 , -122.089443, 37.388351, -0.520000
259.000000 , -122.089443, 37.388351, -0.520000
260.000000 , -122.089443, 37.388351, -0.520000
261.000000 , -122.089443, 37.388351, -0.520000
262.000000 , -122.089443, 37.388351, -0.520000
263.000000 , -122.089443, 37.388351, -0.520000
264.000000 , -122.089443, 37.388351, -0.520000
265.000000 , -122.089443, 37.388351, -0.520000
266.000000 , -122.089438, 37.388348, -0.520000
267.000000 , -122.089426, 37.388342, -0.500000
268.000000 , -122.089405, 37.388332, -0.490000
269.000000 , -122.089377, 37.388318, -0.460000
270.000000 , -122.089341, 37.388300, -0.480000
271.000000 , -122.089297, 37.388277, -0.560000
272.000000 , -122.089251, 37.388254, -0.630000
273.000000 , -122.089206, 37.388231, -0.640000
274.000000 , -122.089162, 37.388210, -0.630000
275.000000 , -122.089120, 37.388189, -0.620000
276.000000 , -122.089075, 37.388167, -0.600000
277.000000 , -122.089024, 37.388141, -0.590000
278.000000 , -122.088965, 37.388112, -0.560000
279.000000 , -122.088896, 37.388079, -0.540000
280.000000 , -122.088818, 37.388041, -0.520000
281.000000 , -122.088732, 37.387998, -0.510000
282.000000 , -122.088637, 37.387952, -0.500000
283.000000 , -122.088535, 37.387902, -0.450000
284.000000 , -122.088429, 37.387850, -0.390000
285.000000 , -122.088322, 37.387798, -0.370000
286.000000 , -122.088214, 37.387747, -0.310000
287.000000 , -122.088103, 37.387694, -0.300000
288.000000 , -122.087993, 37.387641, -0.280000
289.000000 , -122.087884, 37.387590, -0.280000
290.000000 , -122.087774, 37.387539, -0.270000
291.000000 , -122.087658, 37.387484, -0.190000
292.000000 , -122.087538, 37.387427, -0.150000
293.000000 , -122.087417, 37.387368, -0.130000
294.000000 , -122.087295, 37.387308, -0.070000
295.000000 , -122.087173, 37.387246, -0.040000
296.000000 , -122.087051, 37.387186, 0.000000
297.000000 , -122.086928, 37.387126, 0.060000
298.000000 , -122.086808, 37.387068, 0.120000
299.000000 , -122.086693, 37.387012, 0.210000
300.000000 , -122.086582, 37.386959, 0.270000
301.000000 , -122.086477, 37.386907, 0.310000
302.000000 , -122.086380, 37.386859, 0.310000
303.000000 , -122.086295, 37.386816, 0.330000
304.000000 , -122.086215, 37.386776, 0.320000
305.000000 , -122.086137, 37.386736, 0.310000
306.000000 , -122.086063, 37.386698, 0.320000
307.000000 , -122.085990, 37.386661, 0.340000
308.000000 , -122.085918, 37.386625, 0.360000
309.000000 , -122.085843, 37.386588, 0.360000
310.000000 , -122.085764, 37.386550, 0.360000
311.000000 , -122.085683, 37.386511, 0.340000
312.000000 , -122.085602, 37.386471, 0.320000
313.000000 , -122.085522, 37.386431, 0.300000
314.000000 , -122.085441, 37.386391, 0.300000
315.000000 , -122.085362, 37.386352, 0.300000
316.000000 , -122.085283, 37.386313, 0.310000
317.000000 , -122.085206, 37.386275, 0.310000
318.000000 , -122.085130, 37.386237, 0.320000
319.000000 , -122.085053, 37.386198, 0.320000
320.000000 , -122.084972, 37.386158, 0.300000
321.000000 , -122.084891, 37.386118, 0.290000
322.000000 , -122.084812, 37.386078, 0.280000
323.000000 , -122.084734, 37.386039, 0.260000
324.000000 , -122.084658, 37.386001, 0.260000
325.000000 , -122.084585, 37.385965, 0.270000
326.000000 , -122.084515, 37.385930, 0.270000
327.000000 , -122.084453, 37.385899, 0.280000
328.000000 , -122.084400, 37.385874, 0.300000
329.000000 , -122.084359, 37.385854, 0.290000
330.000000 , -122.084329, 37.385840, 0.290000
331.000000 , -122.084311, 37.385831, 0.290000
332.000000 , -122.084302, 37.385827, 0.290000
333.000000 , -122.084300, 37.385826, 0.290000
334.000000 , -122.084300, 37.385826, 0.290000
335.000000 , -122.084300, 37.385826, 0.280000
336.000000 , -122.084300, 37.385826, 0.280000
337.000000 , -122.084300, 37.385826, 0.280000
338.000000 , -122.084300, 37.385826, 0.280000
339.000000 , -122.084300, 37.385826, 0.280000
340.000000 , -122.084300, 37.385826, 0.280000
341.000000 , -122.084300, 37.385826, 0.280000
342.000000 , -122.084300, 37.385826, 0.280000
343.000000 , -122.084300, 37.385826, 0.280000
344.000000 , -122.084300, 37.385826, 0.280000
345.000000 , -122.084300, 37.385826, 0.280000
346.000000 , -122.084300, 37.385826, 0.280000
347.000000 , -122.084300, 37.385826, 0.280000
348.000000 , -122.084300, 37.385826, 0.280000
349.000000 , -122.084300, 37.385826, 0.280000
350.000000 , -122.084300, 37.385826, 0.280000
351.000000 , -122.084300, 37.385826, 0.280000
352.000000 , -122.084300, 37.385826, 0.280000
353.000000 , -122.084300, 37.385826, 0.280000
354.000000 , -122.084300, 37.385826, 0.280000
355.000000 , -122.084300, 37.385826, 0.280000
356.000000 , -122.084300, 37.385826, 0.280000
357.000000 , -122.084300, 37.385826, 0.280000
358.000000 , -122.084300, 37.385826, 0.280000
359.000000 , -122.084300, 37.385826, 0.280000
360.000000 , -122.084300, 37.385826, 0.280000
361.000000 , -122.084300, 37.385826, 0.280000
362.000000 , -122.084300, 37.385826, 0.280000
363.000000 , -122.084300, 37.385826, 0.280000
364.000000 , -122.084300, 37.385826, 0.280000
365.000000 , -122.084300, 37.385826, 0.280000
366.000000 , -122.084300, 37.385826, 0.280000
367.000000 , -122.084300, 37.385826, 0.280000
368.000000 , -122.084300, 37.385826, 0.280000
369.000000 , -122.084300, 37.385826, 0.280000
370.000000 , -122.084300, 37.385826, 0.280000
371.000000 , -122.084300, 37.385826, 0.280000
372.000000 , -122.084300, 37.385826, 0.280000
373.000000 , -122.084300, 37.385826, 0.280000
374.000000 , -122.084300, 37.385826, 0.280000
375.000000 , -122.084300, 37.385826, 0.280000
376.000000 , -122.084300, 37.385826, 0.280000
377.000000 , -122.084300, 37.385826, 0.280000
378.000000 , -122.084300, 37.385826, 0.280000
379.000000 , -122.084300, 37.385826, 0.280000
380.000000 , -122.084300, 37.385826, 0.280000
381.000000 , -122.084300, 37.385826, 0.280000
382.000000 , -122.084300, 37.385826, 0.280000
383.000000 , -122.084300, 37.385826, 0.280000
384.000000 , -122.084300, 37.385826, 0.280000
385.000000 , -122.084300, 37.385826, 0.280000
386.000000 , -122.084300, 37.385826, 0.280000
387.000000 , -122.084300, 37.385826, 0.280000
388.000000 , -122.084300, 37.385826, 0.280000
389.000000 , -122.084300, 37.385826, 0.280000
390.000000 , -122.084300, 37.385826, 0.280000
391.000000 , -122.084300, 37.385826, 0.280000
392.000000 , -122.084300, 37.385826, 0.280000
393.000000 , -122.084300, 37.385826, 0.280000
394.000000 , -122.084300, 37.385826, 0.280000
395.000000 , -122.084300, 37.385826, 0.280000
396.000000 , -122.084300, 37.385826, 0.280000
397.000000 , -122.084300, 37.385826, 0.280000
398.000000 , -122.084300, 37.385826, 0.280000
399.000000 , -122.084300, 37.385826, 0.280000
400.000000 , -122.084300, 37.385826, 0.280000
401.000000 , -122.084300, 37.385826, 0.280000
402.000000 , -122.084300, 37.385826, 0.280000
403.000000 , -122.084300, 37.385826, 0.280000
404.000000 , -122.084300, 37.385826, 0.280000
405.000000 , -122.084300, 37.385826, 0.280000
406.000000 , -122.084300, 37.385826, 0.280000
407.000000 , -122.084300, 37.385826, 0.280000
408.000000 , -122.084300, 37.385826, 0.280000
409.000000 , -122.084300, 37.385826, 0.280000
410.000000 , -122.084300, 37.385826, 0.280000
411.000000 , -122.084300, 37.385826, 0.280000
412.000000 , -122.084300, 37.385826, 0.280000
413.000000 , -122.084300, 37.385826, 0.280000
414.000000 , -122.084300, 37.385826, 0.280000
415.000000 , -122.084300, 37.385826, 0.270000
416.000000 , -122.084300, 37.385826, 0.270000
417.000000 , -122.084295, 37.385823, 0.270000
418.000000 , -122.084283, 37.385818, 0.270000
419.000000 , -122.084264, 37.385809, 0.260000
420.000000 , -122.084232, 37.385793, 0.250000
421.000000 , -122.084182, 37.385768, 0.230000
422.000000 , -122.084112, 37.385732, 0.230000
423.000000 , -122.084029, 37.385690, 0.260000
424.000000 , -122.083936, 37.385644, 0.290000
425.000000 , -122.083839, 37.385597, 0.280000
426.000000 , -122.083738, 37.385548, 0.280000
427.000000 , -122.083635, 37.385498, 0.310000
428.000000 , -122.083531, 37.385448, 0.330000
429.000000 , -122.083430, 37.385398, 0.370000
430.000000 , -122.083328, 37.385347, 0.400000
431.000000 , -122.083225, 37.385295, 0.430000
432.000000 , -122.083124, 37.385244, 0.460000
433.000000 , -122.083026, 37.385195, 0.500000
434.000000 , -122.082929, 37.385145, 0.520000
435.000000 , -122.082828, 37.385095, 0.550000
436.000000 , -122.082721, 37.385041, 0.560000
437.000000 , -122.082609, 37.384985, 0.580000
438.000000 , -122.082493, 37.384928, 0.610000
439.000000 , -122.082371, 37.384869, 0.660000
440.000000 , -122.082245, 37.384808, 0.690000
441.000000 , -122.082120, 37.384749, 0.710000
442.000000 , -122.081998, 37.384690, 0.730000
443.000000 , -122.081878, 37.384631, 0.770000
444.000000 , -122.081756, 37.384570, 0.790000
445.000000 , -122.081633, 37.384509, 0.880000
446.000000 , -122.081512, 37.384449, 0.960000
447.000000 , -122.081391, 37.384389, 1.070000
448.000000 , -122.081267, 37.384327, 1.080000
449.000000 , -122.081140, 37.384264, 1.040000
450.000000 , -122.081011, 37.384199, 1.120000
451.000000 , -122.080883, 37.384133, 1.170000
452.000000 , -122.080757, 37.384070, 1.220000
453.000000 , -122.080635, 37.384010, 1.220000
454.000000 , -122.080515, 37.383951, 1.250000
455.000000 , -122.080398, 37.383894, 1.300000
456.000000 , -122.080284, 37.383838, 1.370000
457.000000 , -122.080165, 37.383780, 1.400000
458.000000 , -122.080042, 37.383722, 1.460000
459.000000 , -122.079916, 37.383665, 1.560000
460.000000 , -122.079787, 37.383609, 1.620000
461.000000 , -122.079661, 37.383553, 1.760000
462.000000 , -122.079536, 37.383496, 1.840000
463.000000 , -122.079416, 37.383439, 1.900000
464.000000 , -122.079307, 37.383387, 1.960000
465.000000 , -122.079211, 37.383340, 2.020000
466.000000 , -122.079123, 37.383301, 2.090000
467.000000 , -122.079035, 37.383266, 2.170000
468.000000 , -122.078939, 37.383228, 2.220000
469.000000 , -122.078842, 37.383190, 2.310000
470.000000 , -122.078754, 37.383154, 2.410000
471.000000 , -122.078675, 37.383118, 2.470000
472.000000 , -122.078597, 37.383082, 2.520000
473.000000 , -122.078517, 37.383045, 2.570000
474.000000 , -122.078428, 37.383006, 2.610000
475.000000 , -122.078335, 37.382967, 2.670000
476.000000 , -122.078244, 37.382929, 2.750000
477.000000 , -122.078162, 37.382893, 2.810000
478.000000 , -122.078092, 37.382860, 2.850000
479.000000 , -122.078037, 37.382833, 2.880000
480.000000 , -122.077997, 37.382814, 2.910000
481.000000 , -122.077970, 37.382801, 2.930000
482.000000 , -122.077958, 37.382795, 2.940000
483.000000 , -122.077957, 37.382794, 2.940000
484.000000 , -122.077957, 37.382794, 2.940000
485.000000 , -122.077957, 37.382794, 2.940000
486.000000 , -122.077957, 37.382794, 2.940000
487.000000 , -122.077957, 37.382794, 2.940000
488.000000 , -122.077957, 37.382794, 2.940000
489.000000 , -122.077957, 37.382794, 2.940000
490.000000 , -122.077957, 37.382794, 2.940000
491.000000 , -122.077957, 37.382794, 2.940000
492.000000 , -122.077957, 37.382794, 2.940000
493.000000 , -122.077957, 37.382794, 2.940000
494.000000 , -122.077957, 37.382794, 2.940000
495.000000 , -122.077957, 37.382794, 2.940000
496.000000 , -122.077957, 37.382794, 2.940000
497.000000 , -122.077957, 37.382794, 2.940000
498.000000 , -122.077957, 37.382794, 2.940000
499.000000 , -122.077957, 37.382794, 2.940000
500.000000 , -122.077957, 37.382794, 2.940000
501.000000 , -122.077954, 37.382793, 2.940000
502.000000 , -122.077950, 37.382791, 2.940000
503.000000 , -122.077948, 37.382790, 2.940000
504.000000 , -122.077948, 37.382791, 2.940000
505.000000 , -122.077948, 37.382791, 2.940000
506.000000 , -122.077948, 37.382791, 2.940000
507.000000 , -122.077948, 37.382791, 2.940000
508.000000 , -122.077948, 37.382790, 2.940000
509.000000 , -122.077948, 37.382791, 2.940000
510.000000 , -122.077948, 37.382791, 2.940000
511.000000 , -122.077948, 37.382791, 2.940000
512.000000 , -122.077948, 37.382791, 2.940000
513.000000 , -122.077948, 37.382791, 2.940000
514.000000 , -122.077948, 37.382791, 2.940000
515.000000 , -122.077948, 37.382791, 2.940000
516.000000 , -122.077948, 37.382791, 2.940000
517.000000 , -122.077948, 37.382791, 2.940000
518.000000 , -122.077948, 37.382791, 2.940000
519.000000 , -122.077948, 37.382791, 2.940000
520.000000 , -122.077948, 37.382791, 2.940000
521.000000 , -122.077948, 37.382791, 2.940000
522.000000 , -122.077948, 37.382791, 2.940000
523.000000 , -122.077948, 37.382791, 2.940000
524.000000 , -122.077948, 37.382791, 2.940000
525.000000 , -122.077948, 37.382791, 2.940000
526.000000 , -122.077948, 37.382791, 2.940000
527.000000 , -122.077948, 37.382791, 2.940000
528.000000 , -122.077948, 37.382791, 2.940000
529.000000 , -122.077948, 37.382791, 2.940000
530.000000 , -122.077948, 37.382791, 2.940000
531.000000 , -122.077948, 37.382791, 2.940000
532.000000 , -122.077948, 37.382791, 2.940000
533.000000 , -122.077948, 37.382791, 2.940000
534.000000 , -122.077948, 37.382791, 2.940000
535.000000 , -122.077948, 37.382791, 2.940000
536.000000 , -122.077948, 37.382791, 2.940000
537.000000 , -122.077948, 37.382791, 2.940000
538.000000 , -122.077948, 37.382791, 2.940000
539.000000 , -122.077948, 37.382791, 2.940000
540.000000 , -122.077948, 37.382791, 2.940000
541.000000 , -122.077948, 37.382791, 2.940000
542.000000 , -122.077948, 37.382791, 2.940000
543.000000 , -122.077948, 37.382791, 2.940000
544.000000 , -122.077948, 37.382791, 2.940000
545.000000 , -122.077948, 37.382791, 2.940000
546.000000 , -122.077948, 37.382791, 2.940000
547.000000 , -122.077948, 37.382791, 2.940000
548.000000 , -122.077947, 37.382790, 2.940000
549.000000 , -122.077945, 37.382789, 2.940000
550.000000 , -122.077943, 37.382788, 2.940000
551.000000 , -122.077936, 37.382785, 2.950000
552.000000 , -122.077921, 37.382777, 2.970000
553.000000 , -122.077889, 37.382761, 2.980000
554.000000 , -122.077840, 37.382738, 3.000000
555.000000 , -122.077770, 37.382723, 3.040000
556.000000 , -122.077688, 37.382724, 3.010000
557.000000 , -122.077606, 37.382747, 2.900000
558.000000 , -122.077532, 37.382793, 2.640000
559.000000 , -122.077471, 37.382856, 2.540000
560.000000 , -122.077415, 37.382928, 2.420000
561.000000 , -122.077362, 37.383006, 2.370000
562.000000 , -122.077306, 37.383086, 2.320000
563.000000 , -122.077248, 37.383167, 2.190000
564.000000 , -122.077189, 37.383247, 2.060000
565.000000 , -122.077131, 37.383326, 1.950000
566.000000 , -122.077074, 37.383405, 1.870000
567.000000 , -122.077019, 37.383483, 1.820000
568.000000 , -122.076962, 37.383560, 1.790000
569.000000 , -122.076901, 37.383641, 1.750000
570.000000 , -122.076836, 37.383727, 1.710000
571.000000 , -122.076765, 37.383819, 1.670000
572.000000 , -122.076690, 37.383914, 1.610000
573.000000 , -122.076613, 37.384012, 1.420000
574.000000 , -122.076537, 37.384111, 1.280000
575.000000 , -122.076461, 37.384208, 1.180000
576.000000 , -122.076386, 37.384303, 1.100000
577.000000 , -122.076311, 37.384394, 1.020000
578.000000 , -122.076237, 37.384483, 0.990000
579.000000 , -122.076166, 37.384570, 0.960000
580.000000 , -122.076098, 37.384656, 0.910000
581.000000 , -122.076035, 37.384737, 0.860000
582.000000 , -122.075978, 37.384812, 0.820000
583.000000 , -122.075930, 37.384877, 0.770000
584.000000 , -122.075891, 37.384929, 0.730000
585.000000 , -122.075865, 37.384966, 0.710000
586.000000 , -122.075847, 37.384996, 0.690000
587.000000 , -122.075838, 37.385034, 0.660000
588.000000 , -122.075852, 37.385082, 0.590000
589.000000 , -122.075893, 37.385131, 0.470000
590.000000 , -122.075959, 37.385174, 0.430000
591.000000 , -122.076041, 37.385217, 0.360000
592.000000 , -122.076132, 37.385262, 0.290000
593.000000 , -122.076227, 37.385308, 0.200000
594.000000 , -122.076320, 37.385353, 0.110000
595.000000 , -122.076404, 37.385393, 0.050000
596.000000 , -122.076478, 37.385430, 0.020000
597.000000 , -122.076548, 37.385464, -0.050000
598.000000 , -122.076618, 37.385497, -0.080000
599.000000 , -122.076692, 37.385533, -0.120000
600.000000 , -122.076774, 37.385574, -0.180000
601.000000 , -122.076850, 37.385614, -0.250000
602.000000 , -122.076916, 37.385649, -0.290000
603.000000 , -122.076976, 37.385681, -0.340000
604.000000 , -122.077029, 37.385710, -0.390000
605.000000 , -122.077071, 37.385735, -0.450000
606.000000 , -122.077107, 37.385762, -0.520000
607.000000 , -122.077145, 37.385780, -0.550000
608.000000 , -122.077185, 37.385777, -0.480000
609.000000 , -122.077208, 37.385758, -0.480000
610.000000 , -122.077216, 37.385743, -0.530000
611.000000 , -122.077217, 37.385741, -0.530000
612.000000 , -122.077217, 37.385741, -0.540000
613.000000 , -122.077213, 37.385744, -0.520000
614.000000 , -122.077205, 37.385751, -0.500000
615.000000 , -122.077195, 37.385760, -0.480000
616.000000 , -122.077191, 37.385766, -0.470000
617.000000 , -122.077191, 37.385766, -0.470000
618.000000 , -122.077190, 37.385763, -0.460000
619.000000 , -122.077181, 37.385750, -0.450000
620.000000 , -122.077155, 37.385732, -0.430000
621.000000 , -122.077110, 37.385713, -0.390000
622.000000 , -122.077054, 37.385690, -0.340000
623.000000 , -122.076998, 37.385664, -0.290000
624.000000 , -122.076957, 37.385628, -0.260000
625.000000 , -122.076939, 37.385583, -0.250000
626.000000 , -122.076949, 37.385534, -0.180000
627.000000 , -122.076983, 37.385481, -0.120000
628.000000 , -122.077030, 37.385421, -0.070000
629.000000 , -122.077085, 37.385352, -0.010000
630.000000 , -122.077146, 37.385274, 0.080000
631.000000 , -122.077212, 37.385191, 0.150000
632.000000 , -122.077280, 37.385102, 0.200000
633.000000 , -122.077349, 37.385008, 0.300000
634.000000 , -122.077419, 37.384910, 0.380000
635.000000 , -122.077491, 37.384806, 0.470000
636.000000 , -122.077564, 37.384700, 0.560000
637.000000 , -122.077639, 37.384591, 0.650000
638.000000 , -122.077715, 37.384482, 0.740000
639.000000 , -122.077789, 37.384375, 0.830000
640.000000 , -122.077861, 37.384271, 0.920000
641.000000 , -122.077933, 37.384167, 1.000000
642.000000 , -122.078006, 37.384062, 1.080000
643.000000 , -122.078077, 37.383957, 1.170000
644.000000 , -122.078146, 37.383857, 1.250000
645.000000 , -122.078214, 37.383761, 1.340000
646.000000 , -122.078279, 37.383671, 1.410000
647.000000 , -122.078339, 37.383592, 1.450000
648.000000 , -122.078392, 37.383525, 1.530000
649.000000 , -122.078438, 37.383469, 1.580000
650.000000 , -122.078474, 37.383427, 1.630000
651.000000 , -122.078498, 37.383399, 1.660000
652.000000 , -122.078511, 37.383383, 1.690000
653.000000 , -122.078522, 37.383370, 1.700000
654.000000 , -122.078530, 37.383361, 1.710000
655.000000 , -122.078540, 37.383349, 1.710000
656.000000 , -122.078555, 37.383333, 1.760000
657.000000 , -122.078571, 37.383319, 1.790000
658.000000 , -122.078584, 37.383308, 1.850000
659.000000 , -122.078606, 37.383299, 1.920000
660.000000 , -122.078655, 37.383296, 1.980000
661.000000 , -122.078721, 37.383313, 2.010000
662.000000 , -122.078800, 37.383348, 2.010000
663.000000 , -122.078891, 37.383390, 1.990000
664.000000 , -122.078997, 37.383441, 1.930000
665.000000 , -122.079114, 37.383498, 1.850000
666.000000 , -122.079240, 37.383561, 1.790000
667.000000 , -122.079374, 37.383628, 1.720000
668.000000 , -122.079512, 37.383697, 1.630000
669.000000 , -122.079648, 37.383765, 1.540000
670.000000 , -122.079783, 37.383833, 1.490000
671.000000 , -122.079919, 37.383899, 1.420000
672.000000 , -122.080054, 37.383965, 1.330000
673.000000 , -122.080187, 37.384031, 1.280000
674.000000 , -122.080322, 37.384097, 1.220000
675.000000 , -122.080458, 37.384165, 1.160000
676.000000 , -122.080596, 37.384232, 1.080000
677.000000 , -122.080736, 37.384301, 0.980000
678.000000 , -122.080876, 37.384370, 0.890000
679.000000 , -122.081016, 37.384439, 0.850000
680.000000 , -122.081153, 37.384507, 0.790000
681.000000 , -122.081292, 37.384576, 0.740000
682.000000 , -122.081429, 37.384645, 0.670000
683.000000 , -122.081564, 37.384712, 0.560000
684.000000 , -122.081695, 37.384778, 0.480000
685.000000 , -122.081823, 37.384842, 0.460000
686.000000 , -122.081949, 37.384904, 0.440000
687.000000 , -122.082071, 37.384965, 0.440000
688.000000 , -122.082191, 37.385024, 0.430000
689.000000 , -122.082308, 37.385082, 0.410000
690.000000 , -122.082419, 37.385137, 0.380000
691.000000 , -122.082523, 37.385188, 0.350000
692.000000 , -122.082620, 37.385235, 0.330000
693.000000 , -122.082708, 37.385278, 0.310000
694.000000 , -122.082792, 37.385320, 0.320000
695.000000 , -122.082873, 37.385360, 0.290000
696.000000 , -122.082952, 37.385400, 0.270000
697.000000 , -122.083037, 37.385442, 0.310000
698.000000 , -122.083124, 37.385483, 0.290000
699.000000 , -122.083211, 37.385524, 0.260000
700.000000 , -122.083297, 37.385565, 0.240000
701.000000 , -122.083380, 37.385607, 0.190000
702.000000 , -122.083461, 37.385649, 0.150000
703.000000 , -122.083541, 37.385691, 0.100000
704.000000 , -122.083622, 37.385731, 0.080000
705.000000 , -122.083707, 37.385772, 0.070000
706.000000 , -122.083798, 37.385817, 0.130000
707.000000 , -122.083893, 37.385865, 0.140000
708.000000 , -122.083994, 37.385914, 0.150000
709.000000 , -122.084102, 37.385965, 0.100000
710.000000 , -122.084219, 37.386016, 0.140000
711.000000 , -122.084345, 37.386068, 0.230000
712.000000 , -122.084478, 37.386124, 0.250000
713.000000 , -122.084616, 37.386186, 0.270000
714.000000 , -122.084761, 37.386255, 0.300000
715.000000 , -122.084910, 37.386327, 0.300000
716.000000 , -122.085057, 37.386399, 0.290000
717.000000 , -122.085201, 37.386470, 0.300000
718.000000 , -122.085343, 37.386539, 0.310000
719.000000 , -122.085483, 37.386607, 0.320000
720.000000 , -122.085630, 37.386674, 0.320000
721.000000 , -122.085781, 37.386741, 0.320000
722.000000 , -122.085931, 37.386810, 0.300000
723.000000 , -122.086077, 37.386878, 0.310000
724.000000 , -122.086221, 37.386946, 0.300000
725.000000 , -122.086364, 37.387016, 0.280000
726.000000 , -122.086506, 37.387085, 0.280000
727.000000 , -122.086643, 37.387153, 0.250000
728.000000 , -122.086776, 37.387219, 0.210000
729.000000 , -122.086904, 37.387282, 0.170000
730.000000 , -122.087028, 37.387343, 0.140000
731.000000 , -122.087144, 37.387400, 0.100000
732.000000 , -122.087249, 37.387451, 0.090000
733.000000 , -122.087339, 37.387496, 0.070000
734.000000 , -122.087415, 37.387534, 0.060000
735.000000 , -122.087478, 37.387565, 0.030000
736.000000 , -122.087529, 37.387590, 0.010000
737.000000 , -122.087566, 37.387608, 0.010000
738.000000 , -122.087593, 37.387621, 0.010000
739.000000 , -122.087610, 37.387629, 0.000000
740.000000 , -122.087616, 37.387633, -0.010000
741.000000 , -122.087617, 37.387633, 0.000000
742.000000 , -122.087623, 37.387636, -0.010000
743.000000 , -122.087636, 37.387642, 0.000000
744.000000 , -122.087652, 37.387650, -0.010000
745.000000 , -122.087667, 37.387657, -0.020000
746.000000 , -122.087678, 37.387662, -0.020000
747.000000 , -122.087683, 37.387665, -0.010000
748.000000 , -122.087684, 37.387665, -0.010000
749.000000 , -122.087684, 37.387665, -0.010000
750.000000 , -122.087684, 37.387665, -0.010000
751.000000 , -122.087684, 37.387665, -0.010000
752.000000 , -122.087684, 37.387665, -0.010000
753.000000 , -122.087684, 37.387665, -0.010000
754.000000 , -122.087684, 37.387665, -0.010000
755.000000 , -122.087684, 37.387665, -0.010000
756.000000 , -122.087684, 37.387665, -0.010000
757.000000 , -122.087684, 37.387665, -0.010000
758.000000 , -122.087684, 37.387665, -0.010000
759.000000 , -122.087684, 37.387665, -0.010000
760.000000 , -122.087684, 37.387665, -0.010000
761.000000 , -122.087684, 37.387665, -0.010000
762.000000 , -122.087684, 37.387665, -0.010000
763.000000 , -122.087684, 37.387665, -0.010000
764.000000 , -122.087684, 37.387665, -0.010000
765.000000 , -122.087684, 37.387665, -0.010000
766.000000 , -122.087684, 37.387665, -0.010000
767.000000 , -122.087684, 37.387665, -0.010000
768.000000 , -122.087684, 37.387665, -0.010000
769.000000 , -122.087684, 37.387665, -0.010000
770.000000 , -122.087684, 37.387665, -0.010000
771.000000 , -122.087684, 37.387665, -0.010000
772.000000 , -122.087684, 37.387665, -0.010000
773.000000 , -122.087684, 37.387665, -0.010000
774.000000 , -122.087684, 37.387665, -0.010000
775.000000 , -122.087684, 37.387665, -0.010000
776.000000 , -122.087684, 37.387665, -0.010000
777.000000 , -122.087684, 37.387665, -0.010000
778.000000 , -122.087684, 37.387665, -0.010000
779.000000 , -122.087684, 37.387665, -0.010000
780.000000 , -122.087684, 37.387665, -0.010000
781.000000 , -122.087684, 37.387665, -0.010000
782.000000 , -122.087684, 37.387665, -0.010000
783.000000 , -122.087684, 37.387665, -0.010000
784.000000 , -122.087684, 37.387665, -0.010000
785.000000 , -122.087684, 37.387665, -0.010000
786.000000 , -122.087684, 37.387665, -0.010000
787.000000 , -122.087684, 37.387665, -0.010000
788.000000 , -122.087684, 37.387665, -0.010000
789.000000 , -122.087684, 37.387665, -0.010000
790.000000 , -122.087684, 37.387665, -0.010000
791.000000 , -122.087684, 37.387665, -0.010000
792.000000 , -122.087684, 37.387665, -0.010000
793.000000 , -122.087684, 37.387665, -0.010000
794.000000 , -122.087684, 37.387665, -0.010000
795.000000 , -122.087684, 37.387665, -0.010000
796.000000 , -122.087684, 37.387665, -0.010000
797.000000 , -122.087684, 37.387665, -0.010000
798.000000 , -122.087684, 37.387665, -0.010000
799.000000 , -122.087684, 37.387665, -0.010000
800.000000 , -122.087684, 37.387665, -0.010000
801.000000 , -122.087684, 37.387665, -0.010000
802.000000 , -122.087684, 37.387665, -0.010000
803.000000 , -122.087685, 37.387666, -0.010000
804.000000 , -122.087688, 37.387668, -0.010000
805.000000 , -122.087689, 37.387668, -0.010000
806.000000 , -122.087689, 37.387668, -0.010000
807.000000 , -122.087691, 37.387669, -0.010000
808.000000 , -122.087701, 37.387674, 0.000000
809.000000 , -122.087727, 37.387686, -0.010000
810.000000 , -122.087772, 37.387707, -0.030000
811.000000 , -122.087835, 37.387737, -0.050000
812.000000 , -122.087912, 37.387775, -0.060000
813.000000 , -122.088000, 37.387819, -0.080000
814.000000 , -122.088100, 37.387869, -0.140000
815.000000 , -122.088209, 37.387924, -0.200000
816.000000 , -122.088327, 37.387984, -0.220000
817.000000 , -122.088452, 37.388046, -0.240000
818.000000 , -122.088585, 37.388112, -0.260000
819.000000 , -122.088723, 37.388181, -0.290000
820.000000 , -122.088866, 37.388252, -0.260000
821.000000 , -122.089015, 37.388325, -0.280000
822.000000 , -122.089162, 37.388399, -0.310000
823.000000 , -122.089306, 37.388471, -0.350000
824.000000 , -122.089447, 37.388542, -0.350000
825.000000 , -122.089588, 37.388612, -0.340000
826.000000 , -122.089728, 37.388680, -0.370000
827.000000 , -122.089866, 37.388748, -0.360000
828.000000 , -122.090000, 37.388815, -0.370000
829.000000 , -122.090138, 37.388883, -0.390000
830.000000 , -122.090280, 37.388953, -0.400000
831.000000 , -122.090426, 37.389024, -0.410000
832.000000 , -122.090576, 37.389097, -0.380000
833.000000 , -122.090728, 37.389172, -0.390000
834.000000 , -122.090879, 37.389248, -0.400000
835.000000 , -122.091030, 37.389325, -0.410000
836.000000 , -122.091179, 37.389401, -0.440000
837.000000 , -122.091327, 37.389476, -0.430000
838.000000 , -122.091473, 37.389550, -0.460000
839.000000 , -122.091617, 37.389623, -0.500000
840.000000 , -122.091764, 37.389695, -0.550000
841.000000 , -122.091915, 37.389768, -0.610000
842.000000 , -122.092071, 37.389842, -0.690000
843.000000 , -122.092229, 37.389918, -0.770000
844.000000 , -122.092389, 37.389995, -0.850000
845.000000 , -122.092550, 37.390074, -0.910000
846.000000 , -122.092712, 37.390153, -0.990000
847.000000 , -122.092873, 37.390234, -1.090000
848.000000 , -122.093034, 37.390315, -1.170000
849.000000 , -122.093193, 37.390395, -1.250000
850.000000 , -122.093350, 37.390475, -1.400000
851.000000 , -122.093505, 37.390558, -1.470000
852.000000 , -122.093657, 37.390644, -1.560000
853.000000 , -122.093803, 37.390732, -1.670000
854.000000 , -122.093943, 37.390822, -1.790000
855.000000 , -122.094073, 37.390912, -1.890000
856.000000 , -122.094193, 37.390999, -2.010000
857.000000 , -122.094301, 37.391081, -2.080000
858.000000 , -122.094398, 37.391158, -2.160000
859.000000 , -122.094488, 37.391230, -2.260000
860.000000 , -122.094569, 37.391296, -2.340000
861.000000 , -122.094641, 37.391355, -2.390000
862.000000 , -122.094706, 37.391410, -2.450000
863.000000 , -122.094761, 37.391458, -2.490000
864.000000 , -122.094804, 37.391497, -2.550000
865.000000 , -122.094832, 37.391523, -2.580000
866.000000 , -122.094847, 37.391538, -2.590000
867.000000 , -122.094855, 37.391545, -2.600000
868.000000 , -122.094857, 37.391546, -2.600000
869.000000 , -122.094857, 37.391546, -2.590000
870.000000 , -122.094857, 37.391546, -2.590000
871.000000 , -122.094857, 37.391546, -2.590000
872.000000 , -122.094857, 37.391546, -2.590000
873.000000 , -122.094857, 37.391546, -2.590000
874.000000 , -122.094857, 37.391546, -2.590000
875.000000 , -122.094857, 37.391546, -2.590000
876.000000 , -122.094857, 37.391546, -2.590000
877.000000 , -122.094857, 37.391546, -2.590000
878.000000 , -122.094857, 37.391546, -2.590000
879.000000 , -122.094857, 37.391546, -2.590000
880.000000 , -122.094857, 37.391546, -2.590000
881.000000 , -122.094857, 37.391546, -2.590000
882.000000 , -122.094859, 37.391548, -2.590000
883.000000 , -122.094866, 37.391555, -2.600000
884.000000 , -122.094881, 37.391570, -2.610000
885.000000 , -122.094908, 37.391596, -2.640000
886.000000 , -122.094948, 37.391634, -2.670000
887.000000 , -122.095000, 37.391686, -2.710000
888.000000 , -122.095061, 37.391750, -2.780000
889.000000 , -122.095132, 37.391825, -2.900000
890.000000 , -122.095212, 37.391908, -2.970000
891.000000 , -122.095297, 37.391997, -3.050000
892.000000 , -122.095386, 37.392093, -3.170000
893.000000 , -122.095477, 37.392192, -3.290000
894.000000 , -122.095570, 37.392289, -3.380000
895.000000 , -122.095662, 37.392385, -3.460000
896.000000 , -122.095754, 37.392479, -3.520000
897.000000 , -122.095844, 37.392571, -3.590000
898.000000 , -122.095933, 37.392662, -3.740000
899.000000 , -122.096027, 37.392756, -3.830000
900.000000 , -122.096127, 37.392852, -3.960000
901.000000 , -122.096233, 37.392949, -4.090000
902.000000 , -122.096343, 37.393046, -4.180000
903.000000 , -122.096455, 37.393140, -4.310000
904.000000 , -122.096573, 37.393235, -4.430000
905.000000 , -122.096699, 37.393331, -4.530000
906.000000 , -122.096832, 37.393428, -4.680000
907.000000 , -122.096970, 37.393522, -4.800000
908.000000 , -122.097110, 37.393613, -4.820000
909.000000 , -122.097250, 37.393698, -4.850000
910.000000 , -122.097391, 37.393780, -4.860000
911.000000 , -122.097532, 37.393856, -4.890000
912.000000 , -122.097672, 37.393928, -4.890000
913.000000 , -122.097812, 37.393997, -4.900000
914.000000 , -122.097954, 37.394064, -4.950000
915.000000 , -122.098103, 37.394131, -5.040000
916.000000 , -122.098259, 37.394199, -5.130000
917.000000 , -122.098422, 37.394269, -5.210000
918.000000 , -122.098588, 37.394341, -5.270000
919.000000 , -122.098756, 37.394415, -5.310000
920.000000 , -122.098923, 37.394487, -5.330000
921.000000 , -122.099086, 37.394559, -5.370000
922.000000 , -122.099246, 37.394630, -5.400000
923.000000 , -122.099404, 37.394699, -5.410000
924.000000 , -122.099561, 37.394768, -5.410000
925.000000 , -122.099719, 37.394837, -5.420000
926.000000 , -122.099876, 37.394905, -5.410000
927.000000 , -122.100031, 37.394973, -5.420000
928.000000 , -122.100184, 37.395040, -5.430000
929.000000 , -122.100336, 37.395106, -5.440000
930.000000 , -122.100485, 37.395170, -5.450000
931.000000 , -122.100631, 37.395234, -5.460000
932.000000 , -122.100774, 37.395297, -5.390000
933.000000 , -122.100914, 37.395358, -5.380000
934.000000 , -122.101050, 37.395419, -5.360000
935.000000 , -122.101183, 37.395477, -5.320000
936.000000 , -122.101311, 37.395534, -5.320000
937.000000 , -122.101436, 37.395590, -5.280000
938.000000 , -122.101558, 37.395644, -5.280000
939.000000 , -122.101677, 37.395698, -5.280000
940.000000 , -122.101795, 37.395752, -5.290000
941.000000 , -122.101911, 37.395808, -5.300000
942.000000 , -122.102034, 37.395865, -5.330000
943.000000 , -122.102158, 37.395922, -5.360000
944.000000 , -122.102283, 37.395979, -5.390000
945.000000 , -122.102407, 37.396036, -5.410000
946.000000 , -122.102532, 37.396087, -5.430000
947.000000 , -122.102654, 37.396130, -5.420000
948.000000 , -122.102763, 37.396166, -5.440000
949.000000 , -122.102853, 37.396195, -5.460000
950.000000 , -122.102918, 37.396218, -5.480000
951.000000 , -122.102962, 37.396236, -5.510000
952.000000 , -122.102989, 37.396249, -5.530000
953.000000 , -122.103003, 37.396255, -5.540000
954.000000 , -122.103005, 37.396256, -5.530000
955.000000 , -122.103005, 37.396256, -5.530000
956.000000 , -122.103005, 37.396256, -5.530000
957.000000 , -122.103005, 37.396256, -5.530000
958.000000 , -122.103005, 37.396256, -5.530000
959.000000 , -122.103005, 37.396256, -5.530000
960.000000 , -122.103006, 37.396257, -5.530000
961.000000 , -122.103007, 37.396257, -5.520000
962.000000 , -122.103007, 37.396257, -5.520000
963.000000 , -122.103007, 37.396257, -5.520000
964.000000 , -122.103007, 37.396257, -5.520000
965.000000 , -122.103007, 37.396257, -5.520000
966.000000 , -122.103007, 37.396257, -5.520000
967.000000 , -122.103007, 37.396257, -5.520000
968.000000 , -122.103007, 37.396257, -5.520000
969.000000 , -122.103007, 37.396257, -5.520000
970.000000 , -122.103007, 37.396257, -5.520000
971.000000 , -122.103007, 37.396257, -5.520000
972.000000 , -122.103007, 37.396257, -5.520000
973.000000 , -122.103007, 37.396257, -5.520000
974.000000 , -122.103007, 37.396257, -5.520000
975.000000 , -122.103007, 37.396257, -5.520000
976.000000 , -122.103007, 37.396257, -5.520000
977.000000 , -122.103007, 37.396257, -5.520000
978.000000 , -122.103007, 37.396257, -5.520000
979.000000 , -122.103007, 37.396257, -5.520000
980.000000 , -122.103007, 37.396257, -5.520000
981.000000 , -122.103007, 37.396257, -5.520000
982.000000 , -122.103007, 37.396257, -5.520000
983.000000 , -122.103007, 37.396257, -5.520000
984.000000 , -122.103007, 37.396257, -5.520000
985.000000 , -122.103007, 37.396257, -5.520000
986.000000 , -122.103007, 37.396257, -5.520000
987.000000 , -122.103007, 37.396257, -5.520000
988.000000 , -122.103007, 37.396257, -5.520000
989.000000 , -122.103007, 37.396257, -5.520000
990.000000 , -122.103007, 37.396257, -5.520000
991.000000 , -122.103007, 37.396257, -5.520000
992.000000 , -122.103007, 37.396257, -5.520000
993.000000 , -122.103007, 37.396257, -5.520000
994.000000 , -122.103007, 37.396257, -5.520000
995.000000 , -122.103007, 37.396257, -5.520000
996.000000 , -122.103007, 37.396257, -5.520000
997.000000 , -122.103007, 37.396257, -5.520000
998.000000 , -122.103007, 37.396257, -5.520000
999.000000 , -122.103007, 37.396257, -5.520000
1000.000000 , -122.103007, 37.396257, -5.520000
1001.000000 , -122.103007, 37.396257, -5.520000
1002.000000 , -122.103007, 37.396257, -5.520000
1003.000000 , -122.103007, 37.396257, -5.520000
1004.000000 , -122.103007, 37.396257, -5.520000
1005.000000 , -122.103007, 37.396257, -5.520000
1006.000000 , -122.103007, 37.396257, -5.520000
1007.000000 , -122.103007, 37.396257, -5.520000
1008.000000 , -122.103007, 37.396257, -5.520000
1009.000000 , -122.103007, 37.396257, -5.520000
1010.000000 , -122.103007, 37.396257, -5.520000
1011.000000 , -122.103007, 37.396257, -5.520000
1012.000000 , -122.103007, 37.396257, -5.520000
1013.000000 , -122.103007, 37.396257, -5.520000
1014.000000 , -122.103007, 37.396257, -5.520000
1015.000000 , -122.103007, 37.396257, -5.520000
1016.000000 , -122.103007, 37.396257, -5.520000
1017.000000 , -122.103007, 37.396257, -5.520000
1018.000000 , -122.103007, 37.396257, -5.520000
1019.000000 , -122.103007, 37.396257, -5.520000
1020.000000 , -122.103007, 37.396257, -5.520000
1021.000000 , -122.103007, 37.396257, -5.520000
1022.000000 , -122.103007, 37.396257, -5.520000
1023.000000 , -122.103011, 37.396259, -5.520000
1024.000000 , -122.103024, 37.396265, -5.530000
1025.000000 , -122.103041, 37.396273, -5.540000
1026.000000 , -122.103060, 37.396281, -5.550000
1027.000000 , -122.103077, 37.396288, -5.560000
1028.000000 , -122.103091, 37.396293, -5.570000
1029.000000 , -122.103097, 37.396295, -5.570000
1030.000000 , -122.103098, 37.396295, -5.570000
1031.000000 , -122.103098, 37.396295, -5.570000
1032.000000 , -122.103098, 37.396295, -5.570000
1033.000000 , -122.103098, 37.396295, -5.570000
1034.000000 , -122.103098, 37.396295, -5.570000
1035.000000 , -122.103098, 37.396295, -5.570000
1036.000000 , -122.103098, 37.396295, -5.570000
1037.000000 , -122.103098, 37.396295, -5.570000
1038.000000 , -122.103098, 37.396295, -5.570000
1039.000000 , -122.103098, 37.396295, -5.570000
1040.000000 , -122.103097, 37.396295, -5.570000
1041.000000 , -122.103098, 37.396295, -5.570000
1042.000000 , -122.103098, 37.396295, -5.570000
1043.000000 , -122.103098, 37.396295, -5.570000
1044.000000 , -122.103098, 37.396295, -5.570000
1045.000000 , -122.103098, 37.396295, -5.570000
1046.000000 , -122.103097, 37.396295, -5.570000
1047.000000 , -122.103097, 37.396295, -5.570000
1048.000000 , -122.103099, 37.396296, -5.570000
1049.000000 , -122.103112, 37.396299, -5.570000
1050.000000 , -122.103136, 37.396298, -5.560000
1051.000000 , -122.103163, 37.396281, -5.580000
1052.000000 , -122.103173, 37.396249, -5.590000
1053.000000 , -122.103151, 37.396214, -5.600000
1054.000000 , -122.103099, 37.396184, -5.570000
1055.000000 , -122.103019, 37.396152, -5.530000
1056.000000 , -122.102917, 37.396115, -5.510000
1057.000000 , -122.102799, 37.396072, -5.460000
1058.000000 , -122.102667, 37.396022, -5.390000
1059.000000 , -122.102525, 37.395964, -5.320000
1060.000000 , -122.102378, 37.395901, -5.320000
1061.000000 , -122.102233, 37.395837, -5.270000
1062.000000 , -122.102083, 37.395770, -5.250000
1063.000000 , -122.101924, 37.395701, -5.250000
1064.000000 , -122.101756, 37.395629, -5.270000
1065.000000 , -122.101580, 37.395554, -5.250000
1066.000000 , -122.101398, 37.395476, -5.250000
1067.000000 , -122.101210, 37.395395, -5.300000
1068.000000 , -122.101018, 37.395312, -5.330000
1069.000000 , -122.100823, 37.395227, -5.340000
1070.000000 , -122.100628, 37.395141, -5.450000
1071.000000 , -122.100436, 37.395055, -5.450000
1072.000000 , -122.100246, 37.394971, -5.450000
1073.000000 , -122.100055, 37.394887, -5.410000
1074.000000 , -122.099860, 37.394802, -5.380000
1075.000000 , -122.099664, 37.394717, -5.410000
1076.000000 , -122.099469, 37.394633, -5.390000
1077.000000 , -122.099276, 37.394549, -5.390000
1078.000000 , -122.099086, 37.394464, -5.380000
1079.000000 , -122.098897, 37.394380, -5.360000
1080.000000 , -122.098708, 37.394298, -5.360000
1081.000000 , -122.098521, 37.394218, -5.310000
1082.000000 , -122.098338, 37.394140, -5.250000
1083.000000 , -122.098158, 37.394063, -5.160000
1084.000000 , -122.097984, 37.393985, -5.060000
1085.000000 , -122.097812, 37.393904, -5.030000
1086.000000 , -122.097639, 37.393815, -5.010000
1087.000000 , -122.097466, 37.393722, -4.970000
1088.000000 , -122.097299, 37.393624, -4.900000
1089.000000 , -122.097138, 37.393524, -4.870000
1090.000000 , -122.096983, 37.393422, -4.800000
1091.000000 , -122.096836, 37.393319, -4.680000
1092.000000 , -122.096696, 37.393213, -4.530000
1093.000000 , -122.096564, 37.393108, -4.400000
1094.000000 , -122.096440, 37.393003, -4.280000
1095.000000 , -122.096321, 37.392900, -4.150000
1096.000000 , -122.096211, 37.392800, -3.990000
1097.000000 , -122.096110, 37.392708, -3.850000
1098.000000 , -122.096021, 37.392622, -3.710000
1099.000000 , -122.095940, 37.392542, -3.610000
1100.000000 , -122.095863, 37.392463, -3.490000
1101.000000 , -122.095788, 37.392383, -3.410000
1102.000000 , -122.095710, 37.392298, -3.300000
1103.000000 , -122.095627, 37.392207, -3.220000
1104.000000 , -122.095538, 37.392110, -3.150000
1105.000000 , -122.095445, 37.392005, -3.060000
1106.000000 , -122.095349, 37.391894, -2.960000
1107.000000 , -122.095251, 37.391779, -2.830000
1108.000000 , -122.095146, 37.391664, -2.660000
1109.000000 , -122.095033, 37.391548, -2.530000
1110.000000 , -122.094912, 37.391432, -2.420000
1111.000000 , -122.094786, 37.391321, -2.300000
1112.000000 , -122.094657, 37.391213, -2.210000
1113.000000 , -122.094525, 37.391111, -2.090000
1114.000000 , -122.094392, 37.391015, -1.980000
1115.000000 , -122.094259, 37.390924, -1.880000
1116.000000 , -122.094127, 37.390835, -1.800000
1117.000000 , -122.093993, 37.390749, -1.700000
1118.000000 , -122.093856, 37.390664, -1.600000
1119.000000 , -122.093719, 37.390583, -1.500000
1120.000000 , -122.093578, 37.390501, -1.410000
1121.000000 , -122.093436, 37.390423, -1.380000
1122.000000 , -122.093294, 37.390348, -1.270000
1123.000000 , -122.093150, 37.390276, -1.240000
1124.000000 , -122.093008, 37.390205, -1.220000
1125.000000 , -122.092868, 37.390136, -1.170000
1126.000000 , -122.092730, 37.390068, -1.050000
1127.000000 , -122.092594, 37.389999, -0.980000
1128.000000 , -122.092457, 37.389930, -0.920000
1129.000000 , -122.092312, 37.389859, -0.830000
1130.000000 , -122.092161, 37.389785, -0.750000
1131.000000 , -122.092005, 37.389709, -0.710000
1132.000000 , -122.091846, 37.389631, -0.600000
1133.000000 , -122.091688, 37.389554, -0.530000
1134.000000 , -122.091534, 37.389478, -0.470000
1135.000000 , -122.091385, 37.389403, -0.450000
1136.000000 , -122.091239, 37.389331, -0.460000
1137.000000 , -122.091097, 37.389261, -0.440000
1138.000000 , -122.090959, 37.389193, -0.460000
1139.000000 , -122.090824, 37.389128, -0.450000
1140.000000 , -122.090691, 37.389064, -0.450000
1141.000000 , -122.090564, 37.389001, -0.450000
1142.000000 , -122.090447, 37.388943, -0.460000
1143.000000 , -122.090341, 37.388890, -0.460000
1144.000000 , -122.090242, 37.388840, -0.460000
1145.000000 , -122.090156, 37.388797, -0.440000
1146.000000 , -122.090079, 37.388758, -0.410000
1147.000000 , -122.090006, 37.388722, -0.420000
1148.000000 , -122.089942, 37.388689, -0.420000
1149.000000 , -122.089891, 37.388663, -0.410000
1150.000000 , -122.089852, 37.388644, -0.410000
1151.000000 , -122.089820, 37.388628, -0.410000
1152.000000 , -122.089791, 37.388613, -0.410000
1153.000000 , -122.089762, 37.388598, -0.410000
1154.000000 , -122.089738, 37.388586, -0.410000
1155.000000 , -122.089721, 37.388577, -0.410000
1156.000000 , -122.089713, 37.388573, -0.410000
1157.000000 , -122.089710, 37.388571, -0.410000
1158.000000 , -122.089710, 37.388571, -0.410000
1159.000000 , -122.089710, 37.388571, -0.410000
1160.000000 , -122.089710, 37.388571, -0.410000
1161.000000 , -122.089710, 37.388571, -0.410000
1162.000000 , -122.089710, 37.388571, -0.400000
1163.000000 , -122.089710, 37.388571, -0.390000
1164.000000 , -122.089710, 37.388571, -0.390000
1165.000000 , -122.089710, 37.388571, -0.390000
1166.000000 , -122.089710, 37.388571, -0.390000
1167.000000 , -122.089710, 37.388571, -0.390000
1168.000000 , -122.089710, 37.388571, -0.390000
1169.000000 , -122.089710, 37.388571, -0.390000
1170.000000 , -122.089710, 37.388571, -0.390000
1171.000000 , -122.089710, 37.388571, -0.380000
1172.000000 , -122.089710, 37.388571, -0.370000
1173.000000 , -122.089710, 37.388571, -0.370000
1174.000000 , -122.089705, 37.388568, -0.360000
1175.000000 , -122.089696, 37.388564, -0.360000
1176.000000 , -122.089691, 37.388561, -0.360000
1177.000000 , -122.089690, 37.388561, -0.350000
1178.000000 , -122.089690, 37.388561, -0.350000
1179.000000 , -122.089690, 37.388561, -0.350000
1180.000000 , -122.089690, 37.388561, -0.350000
1181.000000 , -122.089690, 37.388561, -0.350000
1182.000000 , -122.089690, 37.388561, -0.350000
1183.000000 , -122.089690, 37.388561, -0.350000
1184.000000 , -122.089690, 37.388561, -0.350000
1185.000000 , -122.089690, 37.388561, -0.350000
1186.000000 , -122.089690, 37.388561, -0.350000
1187.000000 , -122.089688, 37.388560, -0.350000
1188.000000 , -122.089682, 37.388557, -0.350000
1189.000000 , -122.089679, 37.388555, -0.350000
1190.000000 , -122.089678, 37.388555, -0.350000
1191.000000 , -122.089678, 37.388555, -0.350000
1192.000000 , -122.089678, 37.388555, -0.350000
1193.000000 , -122.089678, 37.388555, -0.350000
1194.000000 , -122.089678, 37.388555, -0.360000
1195.000000 , -122.089678, 37.388555, -0.360000
1196.000000 , -122.089678, 37.388555, -0.360000
1197.000000 , -122.089678, 37.388555, -0.360000
1198.000000 , -122.089678, 37.388555, -0.360000
1199.000000 , -122.089678, 37.388555, -0.360000
1200.000000 , -122.089678, 37.388555, -0.360000
1201.000000 , -122.089678, 37.388555, -0.360000
1202.000000 , -122.089678, 37.388555, -0.360000
1203.000000 , -122.089678, 37.388555, -0.360000
1204.000000 , -122.089678, 37.388555, -0.360000
1205.000000 , -122.089678, 37.388555, -0.360000
1206.000000 , -122.089678, 37.388555, -0.360000
1207.000000 , -122.089678, 37.388554, -0.350000
1208.000000 , -122.089673, 37.388552, -0.350000
1209.000000 , -122.089663, 37.388547, -0.350000
1210.000000 , -122.089649, 37.388540, -0.360000
1211.000000 , -122.089636, 37.388533, -0.360000
1212.000000 , -122.089623, 37.388525, -0.360000
1213.000000 , -122.089603, 37.388514, -0.360000
1214.000000 , -122.089571, 37.388494, -0.360000
1215.000000 , -122.089524, 37.388467, -0.360000
1216.000000 , -122.089463, 37.388432, -0.360000
1217.000000 , -122.089387, 37.388392, -0.360000
1218.000000 , -122.089301, 37.388347, -0.350000
1219.000000 , -122.089208, 37.388300, -0.360000
1220.000000 , -122.089114, 37.388253, -0.350000
1221.000000 , -122.089020, 37.388207, -0.330000
1222.000000 , -122.088923, 37.388159, -0.310000
1223.000000 , -122.088824, 37.388111, -0.320000
1224.000000 , -122.088722, 37.388060, -0.300000
1225.000000 , -122.088616, 37.388008, -0.290000
1226.000000 , -122.088506, 37.387955, -0.280000
1227.000000 , -122.088391, 37.387900, -0.240000
1228.000000 , -122.088273, 37.387844, -0.210000
1229.000000 , -122.088151, 37.387787, -0.160000
1230.000000 , -122.088025, 37.387728, -0.120000
1231.000000 , -122.087895, 37.387668, -0.070000
1232.000000 , -122.087763, 37.387607, -0.040000
1233.000000 , -122.087634, 37.387546, 0.040000
1234.000000 , -122.087507, 37.387485, 0.080000
1235.000000 , -122.087378, 37.387422, 0.110000
1236.000000 , -122.087248, 37.387358, 0.130000
1237.000000 , -122.087118, 37.387294, 0.170000
1238.000000 , -122.086990, 37.387231, 0.210000
1239.000000 , -122.086864, 37.387170, 0.250000
1240.000000 , -122.086742, 37.387110, 0.310000
1241.000000 , -122.086621, 37.387050, 0.320000
1242.000000 , -122.086500, 37.386991, 0.340000
1243.000000 , -122.086379, 37.386930, 0.360000
1244.000000 , -122.086259, 37.386870, 0.350000
1245.000000 , -122.086137, 37.386809, 0.340000
1246.000000 , -122.086016, 37.386748, 0.350000
1247.000000 , -122.085896, 37.386689, 0.350000
1248.000000 , -122.085779, 37.386631, 0.370000
1249.000000 , -122.085664, 37.386575, 0.380000
1250.000000 , -122.085552, 37.386520, 0.370000
1251.000000 , -122.085441, 37.386466, 0.380000
1252.000000 , -122.085334, 37.386413, 0.370000
1253.000000 , -122.085235, 37.386364, 0.390000
1254.000000 , -122.085152, 37.386323, 0.370000
1255.000000 , -122.085081, 37.386287, 0.360000
1256.000000 , -122.085020, 37.386256, 0.360000
1257.000000 , -122.084965, 37.386229, 0.370000
1258.000000 , -122.084919, 37.386205, 0.370000
1259.000000 , -122.084879, 37.386186, 0.360000
1260.000000 , -122.084849, 37.386171, 0.350000
1261.000000 , -122.084827, 37.386160, 0.350000
1262.000000 , -122.084814, 37.386154, 0.340000
1263.000000 , -122.084811, 37.386152, 0.340000
1264.000000 , -122.084811, 37.386152, 0.340000
1265.000000 , -122.084811, 37.386152, 0.340000
1266.000000 , -122.084811, 37.386152, 0.340000
1267.000000 , -122.084811, 37.386152, 0.340000
1268.000000 , -122.084811, 37.386152, 0.340000
1269.000000 , -122.084811, 37.386152, 0.340000
1270.000000 , -122.084811, 37.386152, 0.340000
1271.000000 , -122.084811, 37.386152, 0.340000
1272.000000 , -122.084811, 37.386152, 0.340000
1273.000000 , -122.084811, 37.386152, 0.340000
1274.000000 , -122.084811, 37.386152, 0.340000
1275.000000 , -122.084811, 37.386152, 0.340000
1276.000000 , -122.084811, 37.386152, 0.340000
1277.000000 , -122.084811, 37.386152, 0.340000
1278.000000 , -122.084811, 37.386152, 0.340000
1279.000000 , -122.084811, 37.386152, 0.340000
1280.000000 , -122.084811, 37.386152, 0.340000
1281.000000 , -122.084811, 37.386152, 0.340000
1282.000000 , -122.084811, 37.386152, 0.340000
1283.000000 , -122.084810, 37.386151, 0.340000
1284.000000 , -122.084806, 37.386150, 0.350000
1285.000000 , -122.084802, 37.386148, 0.350000
1286.000000 , -122.084800, 37.386146, 0.350000
1287.000000 , -122.084799, 37.386146, 0.350000
1288.000000 , -122.084799, 37.386146, 0.350000
1289.000000 , -122.084799, 37.386146, 0.350000
1290.000000 , -122.084799, 37.386146, 0.350000
1291.000000 , -122.084799, 37.386146, 0.350000
1292.000000 , -122.084799, 37.386146, 0.350000
1293.000000 , -122.084799, 37.386146, 0.350000
1294.000000 , -122.084799, 37.386146, 0.350000
1295.000000 , -122.084799, 37.386146, 0.350000
1296.000000 , -122.084799, 37.386146, 0.350000
1297.000000 , -122.084799, 37.386146, 0.350000
1298.000000 , -122.084799, 37.386146, 0.350000
1299.000000 , -122.084799, 37.386146, 0.350000
1300.000000 , -122.084799, 37.386146, 0.350000
1301.000000 , -122.084799, 37.386146, 0.350000
1302.000000 , -122.084799, 37.386146, 0.350000
1303.000000 , -122.084799, 37.386146, 0.350000
1304.000000 , -122.084799, 37.386146, 0.350000
1305.000000 , -122.084799, 37.386146, 0.350000
1306.000000 , -122.084799, 37.386146, 0.350000
1307.000000 , -122.084799, 37.386146, 0.350000
1308.000000 , -122.084799, 37.386146, 0.350000
1309.000000 , -122.084799, 37.386146, 0.350000
1310.000000 , -122.084799, 37.386146, 0.350000
1311.000000 , -122.084799, 37.386146, 0.350000
1312.000000 , -122.084799, 37.386146, 0.350000
1313.000000 , -122.084799, 37.386146, 0.350000
1314.000000 , -122.084799, 37.386146, 0.350000
1315.000000 , -122.084799, 37.386146, 0.350000
1316.000000 , -122.084799, 37.386146, 0.350000
1317.000000 , -122.084799, 37.386146, 0.350000
1318.000000 , -122.084799, 37.386146, 0.350000
1319.000000 , -122.084799, 37.386146, 0.350000
1320.000000 , -122.084799, 37.386146, 0.350000
1321.000000 , -122.084799, 37.386146, 0.350000
1322.000000 , -122.084799, 37.386146, 0.350000
1323.000000 , -122.084799, 37.386146, 0.350000
1324.000000 , -122.084799, 37.386146, 0.350000
1325.000000 , -122.084799, 37.386146, 0.350000
1326.000000 , -122.084799, 37.386146, 0.350000
1327.000000 , -122.084799, 37.386146, 0.350000
1328.000000 , -122.084799, 37.386146, 0.350000
1329.000000 , -122.084799, 37.386146, 0.350000
1330.000000 , -122.084799, 37.386146, 0.350000
1331.000000 , -122.084799, 37.386146, 0.350000
1332.000000 , -122.084799, 37.386146, 0.350000
1333.000000 , -122.084799, 37.386146, 0.350000
1334.000000 , -122.084796, 37.386145, 0.350000
1335.000000 , -122.084792, 37.386143, 0.340000
1336.000000 , -122.084786, 37.386140, 0.350000
1337.000000 , -122.084774, 37.386134, 0.350000
1338.000000 , -122.084754, 37.386124, 0.350000
1339.000000 , -122.084723, 37.386109, 0.350000
1340.000000 , -122.084679, 37.386088, 0.340000
1341.000000 , -122.084628, 37.386063, 0.340000
1342.000000 , -122.084568, 37.386033, 0.340000
1343.000000 , -122.084502, 37.386000, 0.340000
1344.000000 , -122.084433, 37.385965, 0.330000
1345.000000 , -122.084364, 37.385931, 0.330000
1346.000000 , -122.084297, 37.385897, 0.340000
1347.000000 , -122.084231, 37.385865, 0.350000
1348.000000 , -122.084160, 37.385830, 0.350000
1349.000000 , -122.084081, 37.385791, 0.360000
1350.000000 , -122.083995, 37.385748, 0.340000
1351.000000 , -122.083898, 37.385701, 0.340000
1352.000000 , -122.083794, 37.385650, 0.380000
1353.000000 , -122.083688, 37.385598, 0.390000
1354.000000 , -122.083578, 37.385543, 0.400000
1355.000000 , -122.083465, 37.385487, 0.420000
1356.000000 , -122.083353, 37.385430, 0.460000
1357.000000 , -122.083241, 37.385375, 0.510000
1358.000000 , -122.083128, 37.385319, 0.550000
1359.000000 , -122.083008, 37.385260, 0.580000
1360.000000 , -122.082880, 37.385197, 0.600000
1361.000000 , -122.082748, 37.385132, 0.640000
1362.000000 , -122.082615, 37.385066, 0.680000
1363.000000 , -122.082477, 37.384998, 0.710000
1364.000000 , -122.082337, 37.384928, 0.740000
1365.000000 , -122.082197, 37.384858, 0.760000
1366.000000 , -122.082052, 37.384786, 0.800000
1367.000000 , -122.081902, 37.384712, 0.820000
1368.000000 , -122.081749, 37.384636, 0.850000
1369.000000 , -122.081595, 37.384559, 0.920000
1370.000000 , -122.081442, 37.384483, 1.000000
1371.000000 , -122.081292, 37.384409, 1.050000
1372.000000 , -122.081144, 37.384336, 1.110000
1373.000000 , -122.080994, 37.384261, 1.170000
1374.000000 , -122.080844, 37.384186, 1.250000
1375.000000 , -122.080696, 37.384112, 1.300000
1376.000000 , -122.080551, 37.384040, 1.350000
1377.000000 , -122.080406, 37.383968, 1.410000
1378.000000 , -122.080260, 37.383896, 1.450000
1379.000000 , -122.080117, 37.383825, 1.490000
1380.000000 , -122.079979, 37.383758, 1.550000
1381.000000 , -122.079846, 37.383694, 1.620000
1382.000000 , -122.079720, 37.383631, 1.710000
1383.000000 , -122.079597, 37.383570, 1.800000
1384.000000 , -122.079478, 37.383510, 1.860000
1385.000000 , -122.079362, 37.383452, 1.930000
1386.000000 , -122.079248, 37.383394, 1.990000
1387.000000 , -122.079131, 37.383336, 2.060000
1388.000000 , -122.079017, 37.383280, 2.130000
1389.000000 , -122.078906, 37.383229, 2.210000
1390.000000 , -122.078795, 37.383181, 2.310000
1391.000000 , -122.078682, 37.383137, 2.420000
1392.000000 , -122.078568, 37.383092, 2.530000
1393.000000 , -122.078454, 37.383040, 2.570000
1394.000000 , -122.078342, 37.382986, 2.640000
1395.000000 , -122.078238, 37.382933, 2.710000
1396.000000 , -122.078142, 37.382886, 2.780000
1397.000000 , -122.078056, 37.382843, 2.820000
1398.000000 , -122.077988, 37.382809, 2.870000
1399.000000 , -122.077939, 37.382785, 2.910000
1400.000000 , -122.077907, 37.382770, 2.930000
1401.000000 , -122.077886, 37.382760, 2.940000
1402.000000 , -122.077873, 37.382754, 2.940000
1403.000000 , -122.077868, 37.382752, 2.940000
1404.000000 , -122.077868, 37.382752, 2.940000
1405.000000 , -122.077868, 37.382752, 2.940000
1406.000000 , -122.077868, 37.382752, 2.940000
1407.000000 , -122.077868, 37.382752, 2.930000
1408.000000 , -122.077868, 37.382752, 2.930000
1409.000000 , -122.077868, 37.382752, 2.930000
1410.000000 , -122.077868, 37.382752, 2.930000
1411.000000 , -122.077868, 37.382752, 2.930000
1412.000000 , -122.077868, 37.382752, 2.930000
1413.000000 , -122.077868, 37.382752, 2.930000
1414.000000 , -122.077868, 37.382752, 2.930000
1415.000000 , -122.077868, 37.382752, 2.930000
1416.000000 , -122.077868, 37.382752, 2.930000
1417.000000 , -122.077868, 37.382752, 2.930000
1418.000000 , -122.077868, 37.382752, 2.930000
1419.000000 , -122.077868, 37.382752, 2.930000
1420.000000 , -122.077868, 37.382752, 2.930000
1421.000000 , -122.077868, 37.382752, 2.930000
1422.000000 , -122.077868, 37.382752, 2.930000
1423.000000 , -122.077868, 37.382752, 2.930000
1424.000000 , -122.077868, 37.382752, 2.930000
1425.000000 , -122.077868, 37.382752, 2.930000
1426.000000 , -122.077868, 37.382752, 2.930000
1427.000000 , -122.077868, 37.382752, 2.930000
1428.000000 , -122.077868, 37.382752, 2.930000
1429.000000 , -122.077868, 37.382752, 2.930000
1430.000000 , -122.077868, 37.382752, 2.930000
1431.000000 , -122.077868, 37.382752, 2.930000
1432.000000 , -122.077868, 37.382752, 2.930000
1433.000000 , -122.077868, 37.382752, 2.930000
1434.000000 , -122.077868, 37.382752, 2.930000
1435.000000 , -122.077868, 37.382752, 2.930000
1436.000000 , -122.077868, 37.382752, 2.930000
1437.000000 , -122.077868, 37.382752, 2.930000
1438.000000 , -122.077868, 37.382752, 2.930000
1439.000000 , -122.077868, 37.382752, 2.930000
1440.000000 , -122.077868, 37.382752, 2.930000
1441.000000 , -122.077868, 37.382752, 2.930000
1442.000000 , -122.077868, 37.382752, 2.930000
1443.000000 , -122.077868, 37.382752, 2.930000
1444.000000 , -122.077868, 37.382752, 2.930000
1445.000000 , -122.077868, 37.382752, 2.930000
1446.000000 , -122.077868, 37.382752, 2.930000
1447.000000 , -122.077868, 37.382752, 2.930000
1448.000000 , -122.077868, 37.382752, 2.930000
1449.000000 , -122.077868, 37.382752, 2.930000
1450.000000 , -122.077868, 37.382752, 2.930000
1451.000000 , -122.077868, 37.382752, 2.930000
1452.000000 , -122.077868, 37.382752, 2.930000
1453.000000 , -122.077868, 37.382752, 2.930000
1454.000000 , -122.077868, 37.382752, 2.930000
1455.000000 , -122.077868, 37.382752, 2.930000
1456.000000 , -122.077868, 37.382752, 2.930000
1457.000000 , -122.077868, 37.382752, 2.930000
1458.000000 , -122.077868, 37.382752, 2.930000
1459.000000 , -122.077868, 37.382752, 2.930000
1460.000000 , -122.077868, 37.382752, 2.930000
1461.000000 , -122.077868, 37.382752, 2.930000
1462.000000 , -122.077868, 37.382752, 2.930000
1463.000000 , -122.077868, 37.382752, 2.930000
1464.000000 , -122.077868, 37.382752, 2.930000
1465.000000 , -122.077862, 37.382749, 2.940000
1466.000000 , -122.077838, 37.382739, 2.950000
1467.000000 , -122.077794, 37.382727, 2.980000
1468.000000 , -122.077731, 37.382724, 2.990000
1469.000000 , -122.077654, 37.382738, 2.910000
1470.000000 , -122.077576, 37.382774, 2.720000
1471.000000 , -122.077503, 37.382830, 2.550000
1472.000000 , -122.077438, 37.382904, 2.380000
1473.000000 , -122.077376, 37.382988, 2.330000
1474.000000 , -122.077312, 37.383076, 2.280000
1475.000000 , -122.077249, 37.383166, 2.140000
1476.000000 , -122.077186, 37.383258, 2.000000
1477.000000 , -122.077122, 37.383347, 1.880000
1478.000000 , -122.077058, 37.383433, 1.800000
1479.000000 , -122.076992, 37.383520, 1.750000
1480.000000 , -122.076926, 37.383608, 1.710000
1481.000000 , -122.076859, 37.383695, 1.660000
1482.000000 , -122.076791, 37.383783, 1.620000
1483.000000 , -122.076723, 37.383871, 1.610000
1484.000000 , -122.076654, 37.383959, 1.460000
1485.000000 , -122.076584, 37.384048, 1.330000
1486.000000 , -122.076516, 37.384136, 1.200000
1487.000000 , -122.076448, 37.384221, 1.120000
1488.000000 , -122.076381, 37.384305, 1.060000
1489.000000 , -122.076312, 37.384390, 0.970000
1490.000000 , -122.076242, 37.384478, 0.960000
1491.000000 , -122.076173, 37.384566, 0.920000
1492.000000 , -122.076105, 37.384652, 0.870000
1493.000000 , -122.076043, 37.384733, 0.820000
1494.000000 , -122.075988, 37.384807, 0.780000
1495.000000 , -122.075941, 37.384869, 0.730000
1496.000000 , -122.075905, 37.384916, 0.700000
1497.000000 , -122.075880, 37.384950, 0.690000
1498.000000 , -122.075863, 37.384973, 0.660000
1499.000000 , -122.075855, 37.384985, 0.650000
1500.000000 , -122.075852, 37.384989, 0.650000
1501.000000 , -122.075846, 37.384997, 0.650000
1502.000000 , -122.075836, 37.385018, 0.640000
1503.000000 , -122.075835, 37.385055, 0.610000
1504.000000 , -122.075856, 37.385099, 0.530000
1505.000000 , -122.075902, 37.385142, 0.420000
1506.000000 , -122.075969, 37.385182, 0.390000
1507.000000 , -122.076047, 37.385221, 0.330000
1508.000000 , -122.076134, 37.385264, 0.270000
1509.000000 , -122.076223, 37.385307, 0.190000
1510.000000 , -122.076311, 37.385348, 0.110000
1511.000000 , -122.076393, 37.385387, 0.050000
1512.000000 , -122.076463, 37.385421, 0.030000
1513.000000 , -122.076524, 37.385451, 0.060000
1514.000000 , -122.076581, 37.385478, -0.070000
1515.000000 , -122.076636, 37.385504, -0.070000
1516.000000 , -122.076698, 37.385534, -0.110000
1517.000000 , -122.076759, 37.385561, -0.130000
1518.000000 , -122.076819, 37.385569, -0.150000
1519.000000 , -122.076879, 37.385556, -0.200000
1520.000000 , -122.076934, 37.385524, -0.150000
1521.000000 , -122.076987, 37.385475, -0.100000
1522.000000 , -122.077040, 37.385414, -0.060000
1523.000000 , -122.077094, 37.385342, 0.010000
1524.000000 , -122.077152, 37.385266, 0.090000
1525.000000 , -122.077216, 37.385185, 0.160000
1526.000000 , -122.077280, 37.385101, 0.210000
1527.000000 , -122.077343, 37.385016, 0.290000
1528.000000 , -122.077404, 37.384928, 0.370000
1529.000000 , -122.077465, 37.384839, 0.440000
1530.000000 , -122.077528, 37.384749, 0.520000
1531.000000 , -122.077593, 37.384657, 0.580000
1532.000000 , -122.077659, 37.384564, 0.660000
1533.000000 , -122.077723, 37.384472, 0.730000
1534.000000 , -122.077786, 37.384380, 0.810000
1535.000000 , -122.077849, 37.384288, 0.890000
1536.000000 , -122.077913, 37.384194, 0.980000
1537.000000 , -122.077977, 37.384100, 1.050000
1538.000000 , -122.078041, 37.384008, 1.120000
1539.000000 , -122.078103, 37.383918, 1.200000
1540.000000 , -122.078165, 37.383831, 1.270000
1541.000000 , -122.078228, 37.383746, 1.350000
1542.000000 , -122.078291, 37.383660, 1.400000
1543.000000 , -122.078353, 37.383575, 1.450000
1544.000000 , -122.078412, 37.383498, 1.530000
1545.000000 , -122.078464, 37.383432, 1.630000
1546.000000 , -122.078508, 37.383381, 1.690000
1547.000000 , -122.078540, 37.383344, 1.730000
1548.000000 , -122.078564, 37.383320, 1.790000
1549.000000 , -122.078587, 37.383302, 1.900000
1550.000000 , -122.078622, 37.383288, 2.010000
1551.000000 , -122.078676, 37.383281, 2.070000
1552.000000 , -122.078749, 37.383293, 2.150000
1553.000000 , -122.078842, 37.383326, 2.170000
1554.000000 , -122.078953, 37.383378, 2.100000
1555.000000 , -122.079085, 37.383443, 2.040000
1556.000000 , -122.079235, 37.383517, 1.940000
1557.000000 , -122.079402, 37.383599, 1.860000
1558.000000 , -122.079580, 37.383687, 1.760000
1559.000000 , -122.079766, 37.383779, 1.650000
1560.000000 , -122.079960, 37.383876, 1.550000
1561.000000 , -122.080159, 37.383976, 1.480000
1562.000000 , -122.080362, 37.384074, 1.380000
1563.000000 , -122.080565, 37.384168, 1.320000
1564.000000 , -122.080772, 37.384263, 1.230000
1565.000000 , -122.080984, 37.384362, 1.120000
1566.000000 , -122.081195, 37.384464, 1.060000
1567.000000 , -122.081404, 37.384565, 1.010000
1568.000000 , -122.081608, 37.384664, 0.860000
1569.000000 , -122.081803, 37.384761, 0.810000
1570.000000 , -122.081987, 37.384852, 0.760000
1571.000000 , -122.082157, 37.384938, 0.730000
1572.000000 , -122.082315, 37.385016, 0.720000
1573.000000 , -122.082459, 37.385086, 0.670000
1574.000000 , -122.082588, 37.385148, 0.680000
1575.000000 , -122.082705, 37.385205, 0.650000
1576.000000 , -122.082812, 37.385257, 0.610000
1577.000000 , -122.082907, 37.385305, 0.580000
1578.000000 , -122.082999, 37.385350, 0.540000
1579.000000 , -122.083089, 37.385394, 0.530000
1580.000000 , -122.083173, 37.385435, 0.490000
1581.000000 , -122.083243, 37.385469, 0.470000
1582.000000 , -122.083294, 37.385495, 0.450000
1583.000000 , -122.083329, 37.385512, 0.440000
1584.000000 , -122.083355, 37.385525, 0.430000
1585.000000 , -122.083373, 37.385534, 0.420000
1586.000000 , -122.083383, 37.385539, 0.420000
1587.000000 , -122.083385, 37.385540, 0.410000
1588.000000 , -122.083386, 37.385540, 0.420000
1589.000000 , -122.083392, 37.385543, 0.410000
1590.000000 , -122.083406, 37.385550, 0.410000
1591.000000 , -122.083435, 37.385564, 0.400000
1592.000000 , -122.083481, 37.385587, 0.380000
1593.000000 , -122.083545, 37.385618, 0.350000
1594.000000 , -122.083622, 37.385654, 0.350000
1595.000000 , -122.083708, 37.385695, 0.340000
1596.000000 , -122.083804, 37.385744, 0.320000
1597.000000 , -122.083911, 37.385797, 0.330000
1598.000000 , -122.084028, 37.385855, 0.330000
1599.000000 , -122.084155, 37.385918, 0.330000
1600.000000 , -122.084290, 37.385985, 0.330000
1601.000000 , -122.084435, 37.386057, 0.330000
1602.000000 , -122.084587, 37.386132, 0.320000
1603.000000 , -122.084745, 37.386211, 0.350000
1604.000000 , -122.084908, 37.386292, 0.350000
1605.000000 , -122.085074, 37.386374, 0.340000
1606.000000 , -122.085240, 37.386456, 0.370000
1607.000000 , -122.085404, 37.386538, 0.380000
1608.000000 , -122.085566, 37.386620, 0.350000
1609.000000 , -122.085728, 37.386701, 0.340000
1610.000000 , -122.085887, 37.386780, 0.320000
1611.000000 , -122.086043, 37.386857, 0.310000
1612.000000 , -122.086201, 37.386935, 0.290000
1613.000000 , -122.086360, 37.387014, 0.270000
1614.000000 , -122.086517, 37.387092, 0.260000
1615.000000 , -122.086671, 37.387170, 0.220000
1616.000000 , -122.086823, 37.387246, 0.180000
1617.000000 , -122.086972, 37.387320, 0.140000
1618.000000 , -122.087116, 37.387390, 0.090000
1619.000000 , -122.087248, 37.387455, 0.090000
1620.000000 , -122.087365, 37.387513, 0.060000
1621.000000 , -122.087468, 37.387562, 0.040000
1622.000000 , -122.087556, 37.387604, 0.020000
1623.000000 , -122.087625, 37.387636, 0.000000
1624.000000 , -122.087670, 37.387657, -0.010000
1625.000000 , -122.087694, 37.387669, -0.020000
1626.000000 , -122.087704, 37.387673, -0.020000
1627.000000 , -122.087707, 37.387675, -0.020000
1628.000000 , -122.087707, 37.387675, -0.020000
1629.000000 , -122.087707, 37.387675, -0.020000
1630.000000 , -122.087707, 37.387675, -0.020000
1631.000000 , -122.087707, 37.387675, -0.020000
1632.000000 , -122.087707, 37.387675, -0.020000
1633.000000 , -122.087707, 37.387675, -0.020000
1634.000000 , -122.087707, 37.387675, -0.020000
1635.000000 , -122.087707, 37.387675, -0.020000
1636.000000 , -122.087707, 37.387675, -0.020000
1637.000000 , -122.087707, 37.387675, -0.020000
1638.000000 , -122.087707, 37.387675, -0.020000
1639.000000 , -122.087707, 37.387675, -0.020000
1640.000000 , -122.087707, 37.387675, -0.020000
1641.000000 , -122.087707, 37.387675, -0.020000
1642.000000 , -122.087707, 37.387675, -0.020000
1643.000000 , -122.087707, 37.387675, -0.020000
1644.000000 , -122.087707, 37.387675, -0.020000
1645.000000 , -122.087707, 37.387675, -0.020000
1646.000000 , -122.087707, 37.387675, -0.020000
1647.000000 , -122.087707, 37.387675, -0.020000
1648.000000 , -122.087707, 37.387675, -0.020000
1649.000000 , -122.087707, 37.387675, -0.020000
1650.000000 , -122.087707, 37.387675, -0.020000
1651.000000 , -122.087707, 37.387675, -0.020000
1652.000000 , -122.087707, 37.387675, -0.020000
1653.000000 , -122.087707, 37.387675, -0.020000
1654.000000 , -122.087707, 37.387675, -0.020000
1655.000000 , -122.087707, 37.387675, -0.020000
1656.000000 , -122.087707, 37.387675, -0.020000
1657.000000 , -122.087707, 37.387675, -0.020000
1658.000000 , -122.087707, 37.387675, -0.020000
1659.000000 , -122.087707, 37.387675, -0.020000
1660.000000 , -122.087707, 37.387675, -0.020000
1661.000000 , -122.087707, 37.387675, -0.020000
1662.000000 , -122.087707, 37.387675, -0.020000
1663.000000 , -122.087707, 37.387675, -0.020000
1664.000000 , -122.087707, 37.387675, -0.020000
1665.000000 , -122.087707, 37.387675, -0.020000
1666.000000 , -122.087707, 37.387675, -0.020000
1667.000000 , -122.087707, 37.387675, -0.020000
1668.000000 , -122.087707, 37.387675, -0.020000
1669.000000 , -122.087707, 37.387675, -0.020000
1670.000000 , -122.087708, 37.387675, -0.020000
1671.000000 , -122.087708, 37.387675, -0.020000
1672.000000 , -122.087708, 37.387675, -0.020000
1673.000000 , -122.087708, 37.387675, -0.020000
1674.000000 , -122.087710, 37.387676, -0.020000
1675.000000 , -122.087719, 37.387680, -0.010000
1676.000000 , -122.087742, 37.387691, -0.020000
1677.000000 , -122.087783, 37.387710, -0.040000
1678.000000 , -122.087841, 37.387738, -0.050000
1679.000000 , -122.087912, 37.387774, -0.070000
1680.000000 , -122.087994, 37.387815, -0.090000
1681.000000 , -122.088088, 37.387862, -0.150000
1682.000000 , -122.088192, 37.387915, -0.210000
1683.000000 , -122.088307, 37.387973, -0.220000
1684.000000 , -122.088431, 37.388036, -0.240000
1685.000000 , -122.088564, 37.388102, -0.270000
1686.000000 , -122.088706, 37.388171, -0.300000
1687.000000 , -122.088853, 37.388243, -0.280000
1688.000000 , -122.089006, 37.388318, -0.280000
1689.000000 , -122.089160, 37.388395, -0.300000
1690.000000 , -122.089318, 37.388475, -0.340000
1691.000000 , -122.089479, 37.388556, -0.330000
1692.000000 , -122.089643, 37.388638, -0.350000
1693.000000 , -122.089807, 37.388720, -0.360000
1694.000000 , -122.089974, 37.388802, -0.370000
1695.000000 , -122.090140, 37.388884, -0.390000
1696.000000 , -122.090304, 37.388965, -0.400000
1697.000000 , -122.090466, 37.389044, -0.410000
1698.000000 , -122.090629, 37.389125, -0.400000
1699.000000 , -122.090795, 37.389205, -0.400000
1700.000000 , -122.090962, 37.389288, -0.400000
1701.000000 , -122.091127, 37.389371, -0.420000
1702.000000 , -122.091289, 37.389454, -0.400000
1703.000000 , -122.091453, 37.389536, -0.430000
1704.000000 , -122.091617, 37.389618, -0.490000
1705.000000 , -122.091784, 37.389700, -0.540000
1706.000000 , -122.091955, 37.389783, -0.640000
1707.000000 , -122.092126, 37.389866, -0.710000
1708.000000 , -122.092298, 37.389950, -0.810000
1709.000000 , -122.092468, 37.390033, -0.870000
1710.000000 , -122.092634, 37.390116, -0.960000
1711.000000 , -122.092797, 37.390198, -1.060000
1712.000000 , -122.092958, 37.390279, -1.140000
1713.000000 , -122.093115, 37.390358, -1.200000
1714.000000 , -122.093274, 37.390440, -1.350000
1715.000000 , -122.093436, 37.390527, -1.440000
1716.000000 , -122.093597, 37.390619, -1.570000
1717.000000 , -122.093758, 37.390715, -1.690000
1718.000000 , -122.093916, 37.390814, -1.810000
1719.000000 , -122.094067, 37.390917, -1.930000
1720.000000 , -122.094211, 37.391020, -2.060000
1721.000000 , -122.094347, 37.391121, -2.160000
1722.000000 , -122.094473, 37.391219, -2.260000
1723.000000 , -122.094591, 37.391313, -2.370000
1724.000000 , -122.094698, 37.391403, -2.450000
1725.000000 , -122.094790, 37.391484, -2.530000
1726.000000 , -122.094866, 37.391556, -2.620000
1727.000000 , -122.094927, 37.391616, -2.680000
1728.000000 , -122.094972, 37.391661, -2.720000
1729.000000 , -122.095001, 37.391691, -2.750000
1730.000000 , -122.095017, 37.391707, -2.760000
1731.000000 , -122.095023, 37.391713, -2.770000
1732.000000 , -122.095024, 37.391714, -2.770000
1733.000000 , -122.095024, 37.391714, -2.770000
1734.000000 , -122.095024, 37.391714, -2.770000
1735.000000 , -122.095024, 37.391714, -2.770000
1736.000000 , -122.095024, 37.391714, -2.770000
1737.000000 , -122.095024, 37.391714, -2.770000
1738.000000 , -122.095024, 37.391714, -2.770000
1739.000000 , -122.095024, 37.391714, -2.770000
1740.000000 , -122.095024, 37.391714, -2.770000
1741.000000 , -122.095024, 37.391714, -2.770000
1742.000000 , -122.095024, 37.391714, -2.770000
1743.000000 , -122.095024, 37.391714, -2.770000
1744.000000 , -122.095024, 37.391714, -2.770000
1745.000000 , -122.095024, 37.391714, -2.770000
1746.000000 , -122.095024, 37.391714, -2.770000
1747.000000 , -122.095024, 37.391714, -2.770000
1748.000000 , -122.095024, 37.391714, -2.770000
1749.000000 , -122.095024, 37.391714, -2.770000
1750.000000 , -122.095024, 37.391714, -2.770000
1751.000000 , -122.095024, 37.391714, -2.770000
1752.000000 , -122.095024, 37.391714, -2.770000
1753.000000 , -122.095024, 37.391714, -2.770000
1754.000000 , -122.095024, 37.391714, -2.770000
1755.000000 , -122.095024, 37.391714, -2.770000
1756.000000 , -122.095024, 37.391714, -2.770000
1757.000000 , -122.095024, 37.391714, -2.770000
1758.000000 , -122.095024, 37.391714, -2.770000
1759.000000 , -122.095024, 37.391714, -2.770000
1760.000000 , -122.095024, 37.391714, -2.770000
1761.000000 , -122.095024, 37.391714, -2.770000
1762.000000 , -122.095024, 37.391714, -2.770000
1763.000000 , -122.095024, 37.391714, -2.770000
1764.000000 , -122.095024, 37.391714, -2.770000
1765.000000 , -122.095024, 37.391714, -2.770000
1766.000000 , -122.095024, 37.391714, -2.770000
1767.000000 , -122.095024, 37.391714, -2.770000
1768.000000 , -122.095024, 37.391714, -2.770000
1769.000000 , -122.095024, 37.391714, -2.770000
1770.000000 , -122.095024, 37.391714, -2.770000
1771.000000 , -122.095024, 37.391714, -2.770000
1772.000000 , -122.095024, 37.391714, -2.770000
1773.000000 , -122.095024, 37.391714, -2.770000
1774.000000 , -122.095028, 37.391718, -2.770000
1775.000000 , -122.095041, 37.391732, -2.780000
1776.000000 , -122.095069, 37.391760, -2.810000
1777.000000 , -122.095111, 37.391804, -2.870000
1778.000000 , -122.095168, 37.391864, -2.930000
1779.000000 , -122.095234, 37.391934, -3.000000
1780.000000 , -122.095309, 37.392014, -3.080000
1781.000000 , -122.095391, 37.392101, -3.180000
1782.000000 , -122.095480, 37.392195, -3.280000
1783.000000 , -122.095575, 37.392295, -3.380000
1784.000000 , -122.095671, 37.392395, -3.470000
1785.000000 , -122.095768, 37.392495, -3.520000
1786.000000 , -122.095869, 37.392599, -3.630000
1787.000000 , -122.095975, 37.392703, -3.790000
1788.000000 , -122.096084, 37.392809, -3.910000
1789.000000 , -122.096196, 37.392913, -4.050000
1790.000000 , -122.096311, 37.393018, -4.160000
1791.000000 , -122.096431, 37.393123, -4.290000
1792.000000 , -122.096561, 37.393227, -4.420000
1793.000000 , -122.096699, 37.393331, -4.530000
1794.000000 , -122.096844, 37.393435, -4.680000
1795.000000 , -122.096994, 37.393537, -4.810000
1796.000000 , -122.097145, 37.393634, -4.820000
1797.000000 , -122.097298, 37.393726, -4.860000
1798.000000 , -122.097451, 37.393812, -4.870000
1799.000000 , -122.097605, 37.393895, -4.890000
1800.000000 , -122.097760, 37.393973, -4.900000
1801.000000 , -122.097916, 37.394046, -4.930000
1802.000000 , -122.098078, 37.394119, -5.040000
1803.000000 , -122.098248, 37.394193, -5.130000
1804.000000 , -122.098422, 37.394270, -5.220000
1805.000000 , -122.098600, 37.394349, -5.290000
1806.000000 , -122.098782, 37.394430, -5.330000
1807.000000 , -122.098967, 37.394512, -5.360000
1808.000000 , -122.099154, 37.394593, -5.400000
1809.000000 , -122.099339, 37.394673, -5.430000
1810.000000 , -122.099523, 37.394753, -5.430000
1811.000000 , -122.099708, 37.394833, -5.450000
1812.000000 , -122.099890, 37.394913, -5.440000
1813.000000 , -122.100068, 37.394991, -5.460000
1814.000000 , -122.100243, 37.395068, -5.470000
1815.000000 , -122.100416, 37.395142, -5.470000
1816.000000 , -122.100585, 37.395216, -5.490000
1817.000000 , -122.100750, 37.395287, -5.420000
1818.000000 , -122.100908, 37.395356, -5.400000
1819.000000 , -122.101059, 37.395423, -5.380000
1820.000000 , -122.101205, 37.395488, -5.350000
1821.000000 , -122.101350, 37.395551, -5.320000
1822.000000 , -122.101495, 37.395616, -5.290000
1823.000000 , -122.101641, 37.395682, -5.290000
1824.000000 , -122.101788, 37.395751, -5.300000
1825.000000 , -122.101932, 37.395819, -5.320000
1826.000000 , -122.102073, 37.395885, -5.350000
1827.000000 , -122.102204, 37.395945, -5.370000
1828.000000 , -122.102326, 37.395999, -5.390000
1829.000000 , -122.102437, 37.396047, -5.400000
1830.000000 , -122.102531, 37.396087, -5.420000
1831.000000 , -122.102615, 37.396120, -5.430000
1832.000000 , -122.102700, 37.396147, -5.420000
1833.000000 , -122.102784, 37.396171, -5.410000
1834.000000 , -122.102867, 37.396198, -5.420000
1835.000000 , -122.102944, 37.396229, -5.460000
1836.000000 , -122.103007, 37.396256, -5.490000
1837.000000 , -122.103051, 37.396276, -5.510000
1838.000000 , -122.103077, 37.396286, -5.510000
1839.000000 , -122.103088, 37.396291, -5.510000
1840.000000 , -122.103090, 37.396292, -5.510000
1841.000000 , -122.103090, 37.396292, -5.510000
1842.000000 , -122.103090, 37.396292, -5.510000
1843.000000 , -122.103090, 37.396292, -5.510000
1844.000000 , -122.103090, 37.396292, -5.510000
1845.000000 , -122.103090, 37.396292, -5.510000
1846.000000 , -122.103090, 37.396292, -5.510000
1847.000000 , -122.103090, 37.396292, -5.510000
1848.000000 , -122.103090, 37.396292, -5.510000
1849.000000 , -122.103090, 37.396292, -5.510000
1850.000000 , -122.103090, 37.396292, -5.510000
1851.000000 , -122.103090, 37.396292, -5.510000
1852.000000 , -122.103090, 37.396292, -5.510000
1853.000000 , -122.103090, 37.396292, -5.510000
1854.000000 , -122.103090, 37.396292, -5.510000
1855.000000 , -122.103090, 37.396292, -5.510000
1856.000000 , -122.103090, 37.396292, -5.510000
1857.000000 , -122.103090, 37.396292, -5.510000
1858.000000 , -122.103090, 37.396292, -5.510000
1859.000000 , -122.103090, 37.396292, -5.510000
1860.000000 , -122.103090, 37.396292, -5.510000
1861.000000 , -122.103090, 37.396292, -5.510000
1862.000000 , -122.103090, 37.396292, -5.510000
1863.000000 , -122.103090, 37.396292, -5.510000
1864.000000 , -122.103090, 37.396292, -5.510000
1865.000000 , -122.103090, 37.396292, -5.510000
1866.000000 , -122.103090, 37.396292, -5.510000
1867.000000 , -122.103090, 37.396292, -5.510000
1868.000000 , -122.103090, 37.396292, -5.510000
1869.000000 , -122.103090, 37.396292, -5.510000
1870.000000 , -122.103090, 37.396292, -5.500000
1871.000000 , -122.103091, 37.396292, -5.500000
1872.000000 , -122.103097, 37.396294, -5.500000
1873.000000 , -122.103102, 37.396296, -5.500000
1874.000000 , -122.103105, 37.396297, -5.500000
1875.000000 , -122.103105, 37.396297, -5.500000
1876.000000 , -122.103105, 37.396297, -5.500000
1877.000000 , -122.103105, 37.396297, -5.500000
1878.000000 , -122.103105, 37.396297, -5.500000
1879.000000 , -122.103105, 37.396297, -5.500000
1880.000000 , -122.103105, 37.396297, -5.500000
1881.000000 , -122.103105, 37.396297, -5.500000
1882.000000 , -122.103105, 37.396297, -5.500000
1883.000000 , -122.103105, 37.396297, -5.500000
1884.000000 , -122.103105, 37.396297, -5.500000
1885.000000 , -122.103105, 37.396297, -5.500000
1886.000000 , -122.103105, 37.396297, -5.500000
1887.000000 , -122.103105, 37.396297, -5.500000
1888.000000 , -122.103105, 37.396297, -5.500000
1889.000000 , -122.103105, 37.396297, -5.500000
1890.000000 , -122.103105, 37.396297, -5.500000
1891.000000 , -122.103105, 37.396297, -5.500000
1892.000000 , -122.103105, 37.396297, -5.500000
1893.000000 , -122.103105, 37.396297, -5.500000
1894.000000 , -122.103105, 37.396297, -5.500000
1895.000000 , -122.103105, 37.396297, -5.500000
1896.000000 , -122.103105, 37.396297, -5.500000
1897.000000 , -122.103105, 37.396297, -5.500000
1898.000000 , -122.103105, 37.396297, -5.500000
1899.000000 , -122.103105, 37.396297, -5.500000
1900.000000 , -122.103105, 37.396297, -5.500000
1901.000000 , -122.103105, 37.396297, -5.500000
1902.000000 , -122.103105, 37.396297, -5.500000
1903.000000 , -122.103105, 37.396297, -5.500000
1904.000000 , -122.103105, 37.396297, -5.500000
1905.000000 , -122.103105, 37.396297, -5.500000
1906.000000 , -122.103105, 37.396297, -5.500000
1907.000000 , -122.103105, 37.396297, -5.500000
1908.000000 , -122.103105, 37.396297, -5.500000
1909.000000 , -122.103105, 37.396297, -5.500000
1910.000000 , -122.103105, 37.396297, -5.500000
1911.000000 , -122.103105, 37.396297, -5.500000
1912.000000 , -122.103105, 37.396297, -5.500000
1913.000000 , -122.103105, 37.396297, -5.500000
1914.000000 , -122.103105, 37.396297, -5.500000
1915.000000 , -122.103105, 37.396297, -5.500000
1916.000000 , -122.103105, 37.396297, -5.500000
1917.000000 , -122.103105, 37.396297, -5.500000
1918.000000 , -122.103105, 37.396297, -5.500000
1919.000000 , -122.103105, 37.396297, -5.500000
1920.000000 , -122.103105, 37.396297, -5.500000
1921.000000 , -122.103105, 37.396297, -5.500000
1922.000000 , -122.103105, 37.396297, -5.500000
1923.000000 , -122.103105, 37.396297, -5.500000
1924.000000 , -122.103105, 37.396297, -5.500000
1925.000000 , -122.103105, 37.396297, -5.500000
1926.000000 , -122.103105, 37.396297, -5.500000
1927.000000 , -122.103105, 37.396297, -5.500000
1928.000000 , -122.103105, 37.396297, -5.500000
1929.000000 , -122.103105, 37.396297, -5.500000
1930.000000 , -122.103105, 37.396297, -5.500000
1931.000000 , -122.103105, 37.396297, -5.500000
1932.000000 , -122.103105, 37.396297, -5.500000
1933.000000 , -122.103105, 37.396297, -5.500000
1934.000000 , -122.103105, 37.396297, -5.500000
1935.000000 , -122.103105, 37.396297, -5.500000
1936.000000 , -122.103105, 37.396297, -5.500000
1937.000000 , -122.103105, 37.396297, -5.500000
1938.000000 , -122.103105, 37.396297, -5.500000
1939.000000 , -122.103105, 37.396297, -5.500000
1940.000000 , -122.103105, 37.396297, -5.500000
1941.000000 , -122.103105, 37.396297, -5.500000
1942.000000 , -122.103105, 37.396297, -5.500000
1943.000000 , -122.103105, 37.396297, -5.500000
1944.000000 , -122.103105, 37.396297, -5.500000
1945.000000 , -122.103105, 37.396297, -5.500000
1946.000000 , -122.103105, 37.396297, -5.500000
1947.000000 , -122.103105, 37.396297, -5.500000
1948.000000 , -122.103105, 37.396297, -5.500000
1949.000000 , -122.103105, 37.396297, -5.500000
1950.000000 , -122.103105, 37.396297, -5.500000
1951.000000 , -122.103105, 37.396297, -5.500000
1952.000000 , -122.103105, 37.396297, -5.500000
1953.000000 , -122.103107, 37.396298, -5.500000
1954.000000 , -122.103119, 37.396299, -5.500000
1955.000000 , -122.103142, 37.396295, -5.500000
1956.000000 , -122.103164, 37.396280, -5.510000
1957.000000 , -122.103174, 37.396254, -5.520000
1958.000000 , -122.103164, 37.396222, -5.540000
1959.000000 , -122.103132, 37.396185, -5.550000
1960.000000 , -122.103076, 37.396146, -5.550000
1961.000000 , -122.103009, 37.396106, -5.570000
1962.000000 , -122.102939, 37.396070, -5.590000
1963.000000 , -122.102878, 37.396040, -5.580000
1964.000000 , -122.102827, 37.396013, -5.590000
1965.000000 , -122.102797, 37.395986, -5.650000
1966.000000 , -122.102787, 37.395962, -5.600000
1967.000000 , -122.102792, 37.395939, -5.490000
1968.000000 , -122.102807, 37.395917, -5.440000
1969.000000 , -122.102829, 37.395890, -5.390000
1970.000000 , -122.102854, 37.395858, -5.360000
1971.000000 , -122.102877, 37.395827, -5.360000
1972.000000 , -122.102907, 37.395806, -5.350000
1973.000000 , -122.102941, 37.395800, -5.370000
1974.000000 , -122.102968, 37.395806, -5.420000
1975.000000 , -122.102982, 37.395816, -5.450000
1976.000000 , -122.102987, 37.395820, -5.460000
1977.000000 , -122.102987, 37.395820, -5.450000
1978.000000 , -122.102987, 37.395820, -5.450000
1979.000000 , -122.102987, 37.395820, -5.450000
1980.000000 , -122.102987, 37.395820, -5.450000
1981.000000 , -122.102987, 37.395820, -5.450000
1982.000000 , -122.102987, 37.395820, -5.450000
1983.000000 , -122.102987, 37.395820, -5.450000
1984.000000 , -122.102987, 37.395820, -5.440000
1985.000000 , -122.102987, 37.395820, -5.440000
1986.000000 , -122.102987, 37.395820, -5.440000
1987.000000 , -122.102987, 37.395820, -5.440000
1988.000000 , -122.102987, 37.395820, -5.440000
1989.000000 , -122.102987, 37.395820, -5.440000
1990.000000 , -122.102987, 37.395820, -5.440000
1991.000000 , -122.102987, 37.395820, -5.440000
1992.000000 , -122.102987, 37.395820, -5.440000
1993.000000 , -122.102987, 37.395820, -5.440000
1994.000000 , -122.102987, 37.395820, -5.440000
1995.000000 , -122.102987, 37.395820, -5.440000
1996.000000 , -122.102987, 37.395820, -5.440000
1997.000000 , -122.102987, 37.395820, -5.440000
1998.000000 , -122.102987, 37.395820, -5.440000
1999.000000 , -122.102987, 37.395820, -5.440000
