121.000000 , -122.098557, 37.394154, -13.343006
122.000000 , -122.098587, 37.394203, -15.527036
123.000000 , -122.098587, 37.394197, -9.086794
124.000000 , -122.098597, 37.394165, -8.605793
125.000000 , -122.098608, 37.394158, -6.188670
126.000000 , -122.098628, 37.394165, -7.040832
127.000000 , -122.098629, 37.394154, -7.451357
128.000000 , -122.098630, 37.394148, -6.738067
129.000000 , -122.098622, 37.394147, -6.381640
130.000000 , -122.098618, 37.394150, -6.884737
131.000000 , -122.098618, 37.394152, -8.139363
132.000000 , -122.098628, 37.394142, -9.427638
133.000000 , -122.098625, 37.394112, -7.501645
134.000000 , -122.098604, 37.394086, -6.074264
135.000000 , -122.098572, 37.394070, -3.603266
136.000000 , -122.098532, 37.394036, -5.496944
137.000000 , -122.098430, 37.394026, -4.314481
138.000000 , -122.098324, 37.394017, -6.759412
139.000000 , -122.098244, 37.393984, -8.793647
140.000000 , -122.098160, 37.393948, -10.870087
141.000000 , -122.098015, 37.393923, -15.329568
142.000000 , -122.097859, 37.393871, -20.274424
143.000000 , -122.097756, 37.393820, -19.396047
144.000000 , -122.097632, 37.393764, -18.137504
145.000000 , -122.097494, 37.393707, -16.347522
146.000000 , -122.097332, 37.393609, -14.204917
147.000000 , -122.097185, 37.393521, -10.231449
148.000000 , -122.097055, 37.393465, -10.673824
149.000000 , -122.096925, 37.393399, -10.667393
150.000000 , -122.096801, 37.393311, -10.912914
151.000000 , -122.096659, 37.393215, -10.964846
152.000000 , -122.096549, 37.393116, -8.957953
153.000000 , -122.096449, 37.393034, -10.598226
154.000000 , -122.096352, 37.392949, -10.576230
155.000000 , -122.096279, 37.392881, -10.995308
156.000000 , -122.096232, 37.392806, -13.446780
157.000000 , -122.096179, 37.392742, -14.629664
158.000000 , -122.096120, 37.392678, -14.198979
159.000000 , -122.096052, 37.392609, -13.304228
160.000000 , -122.096008, 37.392544, -9.848314
161.000000 , -122.095971, 37.392491, -12.508702
162.000000 , -122.095937, 37.392444, -10.455809
163.000000 , -122.095890, 37.392404, -10.630835
164.000000 , -122.095844, 37.392368, -9.857122
165.000000 , -122.095807, 37.392325, -11.294431
166.000000 , -122.095749, 37.392274, -10.173404
167.000000 , -122.095705, 37.392226, -10.029176
168.000000 , -122.095677, 37.392175, -10.984822
169.000000 , -122.095653, 37.392120, -8.985531
170.000000 , -122.095611, 37.392064, -8.966452
171.000000 , -122.095541, 37.391990, -9.130946
172.000000 , -122.095468, 37.391918, -10.588755
173.000000 , -122.095387, 37.391837, -11.233605
174.000000 , -122.095294, 37.391752, -11.170088
175.000000 , -122.095220, 37.391665, -12.080422
176.000000 , -122.095161, 37.391590, -12.024427
177.000000 , -122.095064, 37.391511, -9.542144
178.000000 , -122.094975, 37.391412, -6.676521
179.000000 , -122.094903, 37.391336, -8.704326
180.000000 , -122.094818, 37.391267, -9.531855
181.000000 , -122.094742, 37.391204, -8.784923
182.000000 , -122.094681, 37.391150, -7.601573
183.000000 , -122.094603, 37.391093, -4.757998
184.000000 , -122.094540, 37.391062, -2.028884
185.000000 , -122.094506, 37.391044, -3.378014
186.000000 , -122.094468, 37.391028, -5.349415
187.000000 , -122.094389, 37.390999, -2.303527
188.000000 , -122.094349, 37.390977, -5.108440
189.000000 , -122.094296, 37.390963, -6.122138
190.000000 , -122.094271, 37.390948, -5.455460
191.000000 , -122.094289, 37.390945, -8.498163
192.000000 , -122.094269, 37.390940, -8.651713
193.000000 , -122.094228, 37.390925, -9.246898
194.000000 , -122.094171, 37.390895, -10.025730
195.000000 , -122.094104, 37.390849, -10.160905
196.000000 , -122.093985, 37.390765, -4.271426
197.000000 , -122.093847, 37.390709, -6.383437
198.000000 , -122.093708, 37.390612, -4.726742
199.000000 , -122.093596, 37.390527, -8.391410
200.000000 , -122.093429, 37.390410, -7.244081
201.000000 , -122.093291, 37.390330, -6.652247
202.000000 , -122.093132, 37.390246, -3.957983
203.000000 , -122.092974, 37.390158, -1.188480
204.000000 , -122.092844, 37.390080, -4.097798
205.000000 , -122.092710, 37.390009, -4.393683
206.000000 , -122.092598, 37.389962, -5.698079
207.000000 , -122.092468, 37.389918, -7.524292
208.000000 , -122.092331, 37.389843, -7.711348
209.000000 , -122.092195, 37.389775, -8.141871
210.000000 , -122.092051, 37.389702, -6.676557
211.000000 , -122.091927, 37.389649, -7.294147
212.000000 , -122.091802, 37.389584, -8.284090
213.000000 , -122.091653, 37.389504, -9.700253
214.000000 , -122.091519, 37.389409, -8.584866
215.000000 , -122.091383, 37.389317, -7.080454
216.000000 , -122.091231, 37.389231, -5.411939
217.000000 , -122.091099, 37.389154, -4.783618
218.000000 , -122.090962, 37.389088, -6.052592
219.000000 , -122.090819, 37.389019, -5.098572
220.000000 , -122.090672, 37.388948, -3.698645
221.000000 , -122.090529, 37.388886, -4.207544
222.000000 , -122.090376, 37.388823, -2.523288
223.000000 , -122.090262, 37.388766, -1.640820
224.000000 , -122.090185, 37.388702, -3.751306
225.000000 , -122.090064, 37.388641, -7.894479
226.000000 , -122.089952, 37.388586, -9.897952
227.000000 , -122.089881, 37.388545, -10.938187
228.000000 , -122.089758, 37.388493, -6.018063
229.000000 , -122.089652, 37.388448, -4.753956
230.000000 , -122.089618, 37.388433, -8.303063
231.000000 , -122.089570, 37.388398, -5.636561
232.000000 , -122.089537, 37.388385, -6.416227
233.000000 , -122.089504, 37.388382, -8.724025
234.000000 , -122.089448, 37.388358, -7.571000
235.000000 , -122.089433, 37.388357, -8.995197
236.000000 , -122.089434, 37.388360, -8.395244
237.000000 , -122.089404, 37.388355, -8.294171
238.000000 , -122.089395, 37.388343, -9.081232
239.000000 , -122.089388, 37.388343, -9.910992
240.000000 , -122.089369, 37.388344, -13.147845
241.000000 , -122.089358, 37.388346, -13.949582
242.000000 , -122.089365, 37.388360, -15.134531
243.000000 , -122.089360, 37.388362, -16.090181
244.000000 , -122.089371, 37.388386, -18.385564
245.000000 , -122.089377, 37.388387, -17.831099
246.000000 , -122.089399, 37.388396, -18.939984
247.000000 , -122.089421, 37.388396, -20.010059
248.000000 , -122.089424, 37.388362, -14.574038
249.000000 , -122.089413, 37.388355, -12.629751
250.000000 , -122.089401, 37.388353, -12.968030
251.000000 , -122.089400, 37.388339, -11.305488
252.000000 , -122.089425, 37.388345, -11.137851
253.000000 , -122.089426, 37.388335, -11.183201
254.000000 , -122.089435, 37.388332, -9.379860
255.000000 , -122.089446, 37.388341, -11.392440
256.000000 , -122.089444, 37.388343, -12.849242
257.000000 , -122.089432, 37.388341, -12.992851
258.000000 , -122.089422, 37.388341, -11.602898
259.000000 , -122.089418, 37.388346, -12.149274
260.000000 , -122.089418, 37.388335, -12.425346
261.000000 , -122.089408, 37.388330, -10.388926
262.000000 , -122.089401, 37.388326, -7.333960
263.000000 , -122.089395, 37.388326, -6.378230
264.000000 , -122.089395, 37.388334, -5.369923
265.000000 , -122.089391, 37.388338, -6.549323
266.000000 , -122.089390, 37.388335, -6.769084
267.000000 , -122.089367, 37.388319, -4.954518
268.000000 , -122.089356, 37.388306, -5.348395
269.000000 , -122.089344, 37.388291, -6.558631
270.000000 , -122.089320, 37.388280, -6.094091
271.000000 , -122.089296, 37.388274, -4.636480
272.000000 , -122.089266, 37.388264, -4.951687
273.000000 , -122.089231, 37.388255, -7.027786
274.000000 , -122.089187, 37.388241, -9.118797
275.000000 , -122.089132, 37.388211, -8.898667
276.000000 , -122.089080, 37.388184, -9.278966
277.000000 , -122.089019, 37.388158, -10.613788
278.000000 , -122.088926, 37.388108, -8.904472
279.000000 , -122.088859, 37.388066, -7.631384
280.000000 , -122.088785, 37.388033, -8.193230
281.000000 , -122.088698, 37.388002, -8.022568
282.000000 , -122.088606, 37.387965, -10.734083
283.000000 , -122.088518, 37.387923, -11.602944
284.000000 , -122.088432, 37.387870, -10.607789
285.000000 , -122.088318, 37.387812, -10.174999
286.000000 , -122.088204, 37.387758, -12.104947
287.000000 , -122.088084, 37.387690, -9.662116
288.000000 , -122.087965, 37.387635, -7.625196
289.000000 , -122.087848, 37.387577, -8.031324
290.000000 , -122.087730, 37.387522, -7.469049
291.000000 , -122.087605, 37.387464, -4.032095
292.000000 , -122.087501, 37.387408, -4.413466
293.000000 , -122.087386, 37.387358, -5.145833
294.000000 , -122.087262, 37.387286, -5.300614
295.000000 , -122.087133, 37.387213, -4.932336
296.000000 , -122.087016, 37.387153, -4.056971
297.000000 , -122.086891, 37.387100, -2.114720
298.000000 , -122.086759, 37.387042, -2.167287
299.000000 , -122.086625, 37.386979, -2.293685
300.000000 , -122.086498, 37.386916, -1.281876
301.000000 , -122.086369, 37.386858, -1.809085
302.000000 , -122.086246, 37.386815, -4.756855
303.000000 , -122.086159, 37.386787, -7.447142
304.000000 , -122.086078, 37.386729, -6.152280
305.000000 , -122.086010, 37.386690, -6.549999
306.000000 , -122.085923, 37.386659, -6.590959
307.000000 , -122.085863, 37.386620, -7.439471
308.000000 , -122.085781, 37.386590, -9.259129
309.000000 , -122.085733, 37.386567, -10.373927
310.000000 , -122.085675, 37.386524, -9.419968
311.000000 , -122.085611, 37.386498, -9.434048
312.000000 , -122.085548, 37.386446, -8.538596
313.000000 , -122.085479, 37.386404, -6.008093
314.000000 , -122.085393, 37.386359, -4.677857
315.000000 , -122.085309, 37.386331, -7.373286
316.000000 , -122.085232, 37.386289, -6.875138
317.000000 , -122.085169, 37.386249, -6.608280
318.000000 , -122.085084, 37.386200, -6.870756
319.000000 , -122.085007, 37.386167, -8.717185
320.000000 , -122.084925, 37.386125, -7.989486
321.000000 , -122.084853, 37.386091, -7.092069
322.000000 , -122.084777, 37.386060, -5.030770
323.000000 , -122.084697, 37.386031, -4.706770
324.000000 , -122.084625, 37.386021, -5.920545
325.000000 , -122.084550, 37.385998, -3.654934
326.000000 , -122.084488, 37.385971, -1.030231
327.000000 , -122.084442, 37.385959, -0.027850
328.000000 , -122.084374, 37.385928, 0.700380
329.000000 , -122.084317, 37.385908, 3.075371
330.000000 , -122.084262, 37.385930, 7.153316
331.000000 , -122.084217, 37.385975, 10.801905
332.000000 , -122.084138, 37.385968, 15.270656
333.000000 , -122.084248, 37.386133, 8.901725
334.000000 , -122.084251, 37.386169, 10.084162
335.000000 , -122.084188, 37.386092, 17.089336
336.000000 , -122.084184, 37.386049, 18.714649
337.000000 , -122.084137, 37.386016, 27.043240
338.000000 , -122.084057, 37.386008, 38.349668
339.000000 , -122.083994, 37.385975, 45.255265
340.000000 , -122.083975, 37.385963, 46.165067
341.000000 , -122.083912, 37.385959, 51.568814
342.000000 , -122.083903, 37.385957, 52.996078
343.000000 , -122.083901, 37.385952, 53.757639
344.000000 , -122.083856, 37.385929, 57.357553
345.000000 , -122.083831, 37.385932, 58.738266
346.000000 , -122.083785, 37.385937, 61.050072
347.000000 , -122.083768, 37.385962, 60.912600
348.000000 , -122.083751, 37.385955, 58.227025
349.000000 , -122.083741, 37.385952, 57.981693
350.000000 , -122.083743, 37.385999, 56.833602
351.000000 , -122.083719, 37.385994, 59.866026
352.000000 , -122.083723, 37.385990, 61.000829
353.000000 , -122.083719, 37.385960, 58.353397
354.000000 , -122.083707, 37.385956, 57.677933
355.000000 , -122.083749, 37.385916, 51.807097
356.000000 , -122.083755, 37.385904, 50.900965
357.000000 , -122.083783, 37.385886, 49.478854
358.000000 , -122.083813, 37.385868, 47.200240
359.000000 , -122.083823, 37.385848, 47.822696
360.000000 , -122.083850, 37.385827, 45.440872
361.000000 , -122.083856, 37.385816, 47.190761
362.000000 , -122.083890, 37.385816, 43.954227
363.000000 , -122.083911, 37.385814, 39.858244
364.000000 , -122.083925, 37.385808, 38.205140
365.000000 , -122.083954, 37.385804, 35.210519
366.000000 , -122.083976, 37.385808, 32.750555
367.000000 , -122.083915, 37.385784, 36.749434
368.000000 , -122.083941, 37.385785, 33.365101
369.000000 , -122.083954, 37.385778, 29.754669
370.000000 , -122.083969, 37.385772, 26.739544
371.000000 , -122.083980, 37.385760, 25.170380
372.000000 , -122.083988, 37.385758, 23.927209
373.000000 , -122.084026, 37.385775, 22.287603
374.000000 , -122.084059, 37.385785, 21.914538
375.000000 , -122.084082, 37.385799, 19.672548
376.000000 , -122.084065, 37.385801, 20.974469
377.000000 , -122.084055, 37.385799, 22.433152
378.000000 , -122.084059, 37.385792, 21.107688
379.000000 , -122.084035, 37.385789, 20.397539
380.000000 , -122.084001, 37.385794, 23.250079
381.000000 , -122.083965, 37.385787, 24.984744
382.000000 , -122.083905, 37.385792, 28.063504
383.000000 , -122.083842, 37.385787, 29.121874
384.000000 , -122.083796, 37.385783, 30.257731
385.000000 , -122.083776, 37.385778, 31.722022
386.000000 , -122.083742, 37.385763, 32.251410
387.000000 , -122.083739, 37.385755, 33.301531
388.000000 , -122.083709, 37.385750, 36.038673
389.000000 , -122.083693, 37.385753, 38.200599
390.000000 , -122.083700, 37.385763, 38.532558
391.000000 , -122.083715, 37.385770, 37.138938
392.000000 , -122.083750, 37.385783, 35.390462
393.000000 , -122.083771, 37.385790, 34.784170
394.000000 , -122.083801, 37.385786, 34.122508
395.000000 , -122.083863, 37.385793, 30.532016
396.000000 , -122.083897, 37.385799, 30.951695
397.000000 , -122.083966, 37.385820, 25.619756
398.000000 , -122.084006, 37.385837, 20.290606
399.000000 , -122.084087, 37.385852, 11.662418
400.000000 , -122.084159, 37.385865, 5.879601
401.000000 , -122.084212, 37.385876, 4.264507
402.000000 , -122.084249, 37.385886, 6.087332
403.000000 , -122.084293, 37.385901, 4.360395
404.000000 , -122.084351, 37.385920, 0.975259
405.000000 , -122.084336, 37.385942, 2.427497
406.000000 , -122.084356, 37.385968, 3.903064
407.000000 , -122.084367, 37.385991, 2.405922
408.000000 , -122.084354, 37.385997, 2.115732
409.000000 , -122.084347, 37.386011, 3.085918
410.000000 , -122.084345, 37.386025, 3.282149
411.000000 , -122.084352, 37.386052, 1.136738
412.000000 , -122.084376, 37.386084, -4.025465
413.000000 , -122.084418, 37.386104, -10.619477
414.000000 , -122.084456, 37.386131, -14.644384
415.000000 , -122.084457, 37.386135, -17.550385
416.000000 , -122.084461, 37.386125, -17.956253
417.000000 , -122.084351, 37.386075, -9.138524
418.000000 , -122.084304, 37.385960, -10.177749
419.000000 , -122.084269, 37.385894, -10.536560
420.000000 , -122.084271, 37.385878, -11.720136
421.000000 , -122.084228, 37.385828, -11.008499
422.000000 , -122.084150, 37.385751, -5.755962
423.000000 , -122.084061, 37.385690, -2.820446
424.000000 , -122.083974, 37.385635, -3.049290
425.000000 , -122.083867, 37.385582, -3.909601
426.000000 , -122.083762, 37.385528, 0.762566
427.000000 , -122.083665, 37.385486, 0.502944
428.000000 , -122.083533, 37.385433, -2.693891
429.000000 , -122.083390, 37.385373, -3.578999
430.000000 , -122.083286, 37.385324, -4.020592
431.000000 , -122.083182, 37.385272, -3.822470
432.000000 , -122.083073, 37.385221, -4.161702
433.000000 , -122.082961, 37.385174, -4.496891
434.000000 , -122.082861, 37.385124, -3.859517
435.000000 , -122.082755, 37.385068, -3.126098
436.000000 , -122.082650, 37.385012, -2.917694
437.000000 , -122.082548, 37.384959, -3.107198
438.000000 , -122.082428, 37.384902, -3.251174
439.000000 , -122.082318, 37.384845, -3.803937
440.000000 , -122.082195, 37.384783, -3.273948
441.000000 , -122.082085, 37.384727, -3.575450
442.000000 , -122.081953, 37.384672, -4.167185
443.000000 , -122.081834, 37.384615, -3.298601
444.000000 , -122.081709, 37.384557, -3.070289
445.000000 , -122.081562, 37.384478, -0.723853
446.000000 , -122.081401, 37.384416, 0.170400
447.000000 , -122.081275, 37.384342, 2.062998
448.000000 , -122.081155, 37.384289, -0.419879
449.000000 , -122.081041, 37.384224, -1.004377
450.000000 , -122.080935, 37.384164, 1.473601
451.000000 , -122.080813, 37.384104, 0.364603
452.000000 , -122.080702, 37.384031, 0.181041
453.000000 , -122.080582, 37.383969, 0.213033
454.000000 , -122.080465, 37.383913, 0.142082
455.000000 , -122.080342, 37.383856, -0.128101
456.000000 , -122.080229, 37.383794, 0.905716
457.000000 , -122.080117, 37.383745, 1.845096
458.000000 , -122.080028, 37.383708, 1.555639
459.000000 , -122.079888, 37.383623, 2.569042
460.000000 , -122.079762, 37.383567, 1.812562
461.000000 , -122.079632, 37.383511, 0.913221
462.000000 , -122.079500, 37.383460, 2.805907
463.000000 , -122.079365, 37.383410, 2.227175
464.000000 , -122.079241, 37.383341, 1.519097
465.000000 , -122.079118, 37.383280, 3.755794
466.000000 , -122.079064, 37.383244, 2.207399
467.000000 , -122.078996, 37.383208, 0.564614
468.000000 , -122.078921, 37.383168, -3.887357
469.000000 , -122.078812, 37.383120, -4.508356
470.000000 , -122.078714, 37.383087, -3.561953
471.000000 , -122.078641, 37.383060, -0.512851
472.000000 , -122.078564, 37.383018, -1.959326
473.000000 , -122.078477, 37.382986, -1.610759
474.000000 , -122.078377, 37.382957, -0.209122
475.000000 , -122.078290, 37.382937, 0.336630
476.000000 , -122.078199, 37.382899, -0.886349
477.000000 , -122.078103, 37.382855, 0.223098
478.000000 , -122.078008, 37.382819, 0.906999
479.000000 , -122.077937, 37.382787, 0.788252
480.000000 , -122.077895, 37.382771, -0.971981
481.000000 , -122.077862, 37.382746, -0.314824
482.000000 , -122.077804, 37.382731, 0.487285
483.000000 , -122.077777, 37.382744, 0.727225
484.000000 , -122.077761, 37.382734, 3.194609
485.000000 , -122.077762, 37.382735, 3.789295
486.000000 , -122.077791, 37.382760, 2.928536
487.000000 , -122.077803, 37.382775, 3.681435
488.000000 , -122.077805, 37.382769, 7.019335
489.000000 , -122.077804, 37.382764, 7.617633
490.000000 , -122.077805, 37.382768, 7.929407
491.000000 , -122.077804, 37.382762, 9.649874
492.000000 , -122.077796, 37.382767, 9.892917
493.000000 , -122.077797, 37.382760, 11.830502
494.000000 , -122.077802, 37.382755, 11.881992
495.000000 , -122.077805, 37.382751, 11.965143
496.000000 , -122.077812, 37.382754, 11.603611
497.000000 , -122.077794, 37.382738, 15.272459
498.000000 , -122.077790, 37.382727, 17.289919
499.000000 , -122.077800, 37.382718, 20.007196
500.000000 , -122.077806, 37.382717, 19.942794
501.000000 , -122.077819, 37.382721, 18.321353
502.000000 , -122.077821, 37.382728, 17.385711
503.000000 , -122.077828, 37.382729, 17.512569
504.000000 , -122.077844, 37.382734, 16.878690
505.000000 , -122.077853, 37.382732, 17.349969
506.000000 , -122.077871, 37.382743, 16.617564
507.000000 , -122.077894, 37.382754, 16.299073
508.000000 , -122.077926, 37.382776, 13.649142
509.000000 , -122.077944, 37.382792, 11.816672
510.000000 , -122.077963, 37.382811, 8.065783
511.000000 , -122.077974, 37.382824, 5.785488
512.000000 , -122.077980, 37.382835, 4.749044
513.000000 , -122.077986, 37.382842, 2.924983
514.000000 , -122.077991, 37.382852, -0.455287
515.000000 , -122.077990, 37.382856, -3.359231
516.000000 , -122.077996, 37.382872, -6.853877
517.000000 , -122.077991, 37.382876, -8.792199
518.000000 , -122.077990, 37.382875, -9.563420
519.000000 , -122.077994, 37.382864, -9.671133
520.000000 , -122.077993, 37.382862, -11.857701
521.000000 , -122.077992, 37.382861, -11.668865
522.000000 , -122.077995, 37.382863, -11.750461
523.000000 , -122.078007, 37.382844, -10.523364
524.000000 , -122.078021, 37.382847, -12.284812
525.000000 , -122.078022, 37.382842, -15.016074
526.000000 , -122.078011, 37.382846, -18.872175
527.000000 , -122.077996, 37.382845, -19.302624
528.000000 , -122.077995, 37.382851, -19.432486
529.000000 , -122.077993, 37.382859, -20.393455
530.000000 , -122.077970, 37.382885, -21.773971
531.000000 , -122.077958, 37.382898, -21.485729
532.000000 , -122.077962, 37.382895, -22.922103
533.000000 , -122.077961, 37.382883, -23.242132
534.000000 , -122.077947, 37.382868, -20.476954
535.000000 , -122.077931, 37.382853, -15.869817
536.000000 , -122.077924, 37.382847, -10.538564
537.000000 , -122.077924, 37.382832, -4.905650
538.000000 , -122.077901, 37.382828, -4.163098
539.000000 , -122.077887, 37.382814, -2.333599
540.000000 , -122.077860, 37.382813, 0.091184
541.000000 , -122.077835, 37.382807, 3.392146
542.000000 , -122.077809, 37.382793, 7.435374
543.000000 , -122.077783, 37.382788, 8.391136
544.000000 , -122.077758, 37.382785, 8.772575
545.000000 , -122.077725, 37.382786, 6.708035
546.000000 , -122.077697, 37.382784, 3.387627
547.000000 , -122.077692, 37.382779, 3.852775
548.000000 , -122.077694, 37.382775, 5.343819
549.000000 , -122.077695, 37.382775, 3.824458
550.000000 , -122.077694, 37.382769, 3.982220
551.000000 , -122.077700, 37.382755, 4.714312
552.000000 , -122.077703, 37.382746, 3.771102
553.000000 , -122.077704, 37.382728, 3.396928
554.000000 , -122.077711, 37.382730, 1.382217
555.000000 , -122.077660, 37.382721, 1.377550
556.000000 , -122.077616, 37.382726, 1.347706
557.000000 , -122.077575, 37.382752, 1.495510
558.000000 , -122.077552, 37.382790, 0.166488
559.000000 , -122.077481, 37.382828, -1.107732
560.000000 , -122.077429, 37.382866, -3.233219
561.000000 , -122.077390, 37.382929, -5.885935
562.000000 , -122.077332, 37.383009, -7.474688
563.000000 , -122.077256, 37.383096, -7.537185
564.000000 , -122.077170, 37.383205, -10.140942
565.000000 , -122.077102, 37.383273, -10.260112
566.000000 , -122.077044, 37.383380, -8.774729
567.000000 , -122.077004, 37.383494, -6.089502
568.000000 , -122.076956, 37.383606, -3.412810
569.000000 , -122.076890, 37.383701, -5.843672
570.000000 , -122.076820, 37.383814, -5.055168
571.000000 , -122.076756, 37.383889, -7.239775
572.000000 , -122.076676, 37.383984, -7.626745
573.000000 , -122.076599, 37.384085, -5.021901
574.000000 , -122.076529, 37.384179, -3.673799
575.000000 , -122.076460, 37.384260, -2.524456
576.000000 , -122.076387, 37.384355, 0.268902
577.000000 , -122.076308, 37.384450, -0.214400
578.000000 , -122.076230, 37.384545, 1.556100
579.000000 , -122.076162, 37.384625, 3.136249
580.000000 , -122.076090, 37.384710, 4.750508
581.000000 , -122.076027, 37.384798, 4.824738
582.000000 , -122.075960, 37.384882, 5.284872
583.000000 , -122.075915, 37.384936, 4.830668
584.000000 , -122.075895, 37.384976, 3.585324
585.000000 , -122.075879, 37.384999, 2.174707
586.000000 , -122.075870, 37.385027, -0.570875
587.000000 , -122.075851, 37.385082, -1.571195
588.000000 , -122.075851, 37.385136, -2.105016
589.000000 , -122.075861, 37.385191, -1.809780
590.000000 , -122.075899, 37.385238, -4.072291
591.000000 , -122.075957, 37.385274, -5.725133
592.000000 , -122.076008, 37.385322, -9.720541
593.000000 , -122.076060, 37.385356, -14.077551
594.000000 , -122.076127, 37.385396, -19.502214
595.000000 , -122.076218, 37.385434, -20.368900
596.000000 , -122.076332, 37.385478, -20.032380
597.000000 , -122.076467, 37.385528, -16.998481
598.000000 , -122.076637, 37.385561, -7.581965
599.000000 , -122.076764, 37.385590, -3.778347
600.000000 , -122.076859, 37.385618, -2.164350
601.000000 , -122.076925, 37.385656, -0.914197
602.000000 , -122.076991, 37.385688, -0.441244
603.000000 , -122.077048, 37.385713, -1.311392
604.000000 , -122.077092, 37.385727, -2.069495
605.000000 , -122.077138, 37.385753, -0.766605
606.000000 , -122.077183, 37.385786, -0.752559
607.000000 , -122.077228, 37.385794, -2.875118
608.000000 , -122.077254, 37.385787, -4.193586
609.000000 , -122.077266, 37.385795, -5.671688
610.000000 , -122.077279, 37.385809, -8.560856
611.000000 , -122.077283, 37.385814, -8.504644
612.000000 , -122.077281, 37.385809, -9.280798
613.000000 , -122.077274, 37.385801, -8.257635
614.000000 , -122.077253, 37.385800, -8.721143
615.000000 , -122.077251, 37.385785, -8.053951
616.000000 , -122.077246, 37.385776, -10.347558
617.000000 , -122.077238, 37.385779, -10.779799
618.000000 , -122.077221, 37.385785, -10.132124
619.000000 , -122.077203, 37.385787, -10.000826
620.000000 , -122.077183, 37.385787, -10.219561
621.000000 , -122.077142, 37.385742, -9.611319
622.000000 , -122.077119, 37.385723, -7.538246
623.000000 , -122.077073, 37.385697, -7.236516
624.000000 , -122.077007, 37.385665, -6.845173
625.000000 , -122.076990, 37.385625, -8.850710
626.000000 , -122.076972, 37.385558, -10.664667
627.000000 , -122.076946, 37.385514, -10.971180
628.000000 , -122.076935, 37.385462, -9.323940
629.000000 , -122.076914, 37.385409, -9.385948
630.000000 , -122.076934, 37.385351, -12.209510
631.000000 , -122.077041, 37.385258, -4.022035
632.000000 , -122.077152, 37.385175, -4.796243
633.000000 , -122.077232, 37.385075, -9.419056
634.000000 , -122.077328, 37.384949, -7.777779
635.000000 , -122.077427, 37.384832, -6.288754
636.000000 , -122.077524, 37.384703, -4.213078
637.000000 , -122.077629, 37.384586, -6.468094
638.000000 , -122.077743, 37.384470, -13.390270
639.000000 , -122.077833, 37.384343, -8.551191
640.000000 , -122.077914, 37.384241, -6.948912
641.000000 , -122.077992, 37.384128, -3.975792
642.000000 , -122.078066, 37.384009, -2.498317
643.000000 , -122.078127, 37.383900, -1.697085
644.000000 , -122.078192, 37.383794, 0.548273
645.000000 , -122.078262, 37.383693, 1.993964
646.000000 , -122.078323, 37.383620, -0.354914
647.000000 , -122.078388, 37.383538, -0.565140
648.000000 , -122.078453, 37.383457, -2.301670
649.000000 , -122.078509, 37.383399, -4.166626
650.000000 , -122.078526, 37.383350, -9.198954
651.000000 , -122.078577, 37.383283, -8.545560
652.000000 , -122.078598, 37.383254, -11.660795
653.000000 , -122.078601, 37.383248, -13.083526
654.000000 , -122.078619, 37.383227, -14.591607
655.000000 , -122.078622, 37.383229, -14.545301
656.000000 , -122.078613, 37.383243, -11.091587
657.000000 , -122.078605, 37.383248, -7.962299
658.000000 , -122.078595, 37.383259, -2.253795
659.000000 , -122.078629, 37.383259, -1.776262
660.000000 , -122.078672, 37.383269, -1.769247
661.000000 , -122.078710, 37.383291, -1.440134
662.000000 , -122.078767, 37.383299, -3.630937
663.000000 , -122.078853, 37.383347, -6.285573
664.000000 , -122.078942, 37.383380, -9.992220
665.000000 , -122.079036, 37.383435, -12.433845
666.000000 , -122.079127, 37.383479, -13.068478
667.000000 , -122.079261, 37.383540, -13.388049
668.000000 , -122.079433, 37.383605, -6.729426
669.000000 , -122.079611, 37.383681, -1.182919
670.000000 , -122.079796, 37.383781, 2.404310
671.000000 , -122.079965, 37.383878, 6.014261
672.000000 , -122.080124, 37.383960, 7.571595
673.000000 , -122.080280, 37.384038, 6.189673
674.000000 , -122.080428, 37.384116, 6.442331
675.000000 , -122.080557, 37.384191, 4.443349
676.000000 , -122.080706, 37.384247, 5.409192
677.000000 , -122.080843, 37.384315, 4.536212
678.000000 , -122.080980, 37.384387, 3.450539
679.000000 , -122.081120, 37.384455, 3.928731
680.000000 , -122.081236, 37.384531, 1.043500
681.000000 , -122.081355, 37.384614, -1.954248
682.000000 , -122.081486, 37.384682, -1.144613
683.000000 , -122.081615, 37.384754, -2.102141
684.000000 , -122.081746, 37.384824, -2.132959
685.000000 , -122.081885, 37.384895, -1.898986
686.000000 , -122.082018, 37.384962, -0.742747
687.000000 , -122.082138, 37.385031, -3.021060
688.000000 , -122.082264, 37.385088, -2.838020
689.000000 , -122.082376, 37.385141, -3.154003
690.000000 , -122.082492, 37.385193, -2.756940
691.000000 , -122.082592, 37.385251, -5.380406
692.000000 , -122.082689, 37.385294, -6.219610
693.000000 , -122.082781, 37.385346, -8.764690
694.000000 , -122.082857, 37.385380, -9.247610
695.000000 , -122.082951, 37.385414, -7.072154
696.000000 , -122.083037, 37.385453, -5.346691
697.000000 , -122.083116, 37.385488, -5.751855
698.000000 , -122.083197, 37.385524, -4.823776
699.000000 , -122.083278, 37.385563, -5.294195
700.000000 , -122.083352, 37.385602, -4.612932
701.000000 , -122.083431, 37.385640, -5.095814
702.000000 , -122.083518, 37.385669, -2.513296
703.000000 , -122.083599, 37.385701, -1.490286
704.000000 , -122.083682, 37.385738, -0.929491
705.000000 , -122.083792, 37.385771, 4.042883
706.000000 , -122.083890, 37.385809, 7.618046
707.000000 , -122.083998, 37.385843, 10.758077
708.000000 , -122.084117, 37.385878, 14.802820
709.000000 , -122.084227, 37.385926, 16.686044
710.000000 , -122.084330, 37.385985, 15.469546
711.000000 , -122.084460, 37.386036, 16.168917
712.000000 , -122.084588, 37.386091, 17.148360
713.000000 , -122.084725, 37.386155, 18.012958
714.000000 , -122.084874, 37.386234, 17.644303
715.000000 , -122.085033, 37.386307, 18.455797
716.000000 , -122.085174, 37.386387, 15.924384
717.000000 , -122.085302, 37.386472, 11.001079
718.000000 , -122.085420, 37.386547, 7.583696
719.000000 , -122.085543, 37.386615, 6.103571
720.000000 , -122.085688, 37.386708, 2.855185
721.000000 , -122.085856, 37.386779, 4.291668
722.000000 , -122.085986, 37.386862, -1.179047
723.000000 , -122.086117, 37.386940, -4.174625
724.000000 , -122.086315, 37.386986, 5.114060
725.000000 , -122.086442, 37.387047, -2.566326
726.000000 , -122.086589, 37.387111, 0.475367
727.000000 , -122.086715, 37.387182, -3.593095
728.000000 , -122.086875, 37.387229, 0.847662
729.000000 , -122.087013, 37.387287, 1.872548
730.000000 , -122.087130, 37.387354, -0.876186
731.000000 , -122.087235, 37.387414, -3.453782
732.000000 , -122.087340, 37.387473, -4.898651
733.000000 , -122.087416, 37.387534, -7.583898
734.000000 , -122.087497, 37.387578, -9.054913
735.000000 , -122.087556, 37.387600, -10.913860
736.000000 , -122.087665, 37.387620, 5.689359
737.000000 , -122.087698, 37.387636, 2.444179
738.000000 , -122.087751, 37.387651, 5.711678
739.000000 , -122.087756, 37.387640, 1.421642
740.000000 , -122.087772, 37.387628, 1.948625
741.000000 , -122.087779, 37.387631, 3.658198
742.000000 , -122.087795, 37.387646, 5.538264
743.000000 , -122.087782, 37.387660, 6.946998
744.000000 , -122.087795, 37.387652, 11.285513
745.000000 , -122.087782, 37.387661, 10.070512
746.000000 , -122.087787, 37.387661, 11.246547
747.000000 , -122.087796, 37.387656, 15.904930
748.000000 , -122.087813, 37.387646, 19.964028
749.000000 , -122.087815, 37.387659, 19.150073
750.000000 , -122.087825, 37.387668, 19.061508
751.000000 , -122.087820, 37.387687, 18.109520
752.000000 , -122.087828, 37.387695, 19.004699
753.000000 , -122.087838, 37.387703, 18.282965
754.000000 , -122.087844, 37.387701, 15.962302
755.000000 , -122.087845, 37.387701, 15.629809
756.000000 , -122.087853, 37.387693, 15.237693
757.000000 , -122.087843, 37.387704, 12.668976
758.000000 , -122.087826, 37.387709, 7.643467
759.000000 , -122.087826, 37.387699, 8.481777
760.000000 , -122.087829, 37.387693, 9.005167
761.000000 , -122.087841, 37.387680, 10.319526
762.000000 , -122.087848, 37.387680, 11.973232
763.000000 , -122.087855, 37.387674, 15.089908
764.000000 , -122.087846, 37.387655, 16.704774
765.000000 , -122.087843, 37.387657, 19.504727
766.000000 , -122.087831, 37.387657, 21.915644
767.000000 , -122.087828, 37.387652, 24.125478
768.000000 , -122.087826, 37.387638, 26.323624
769.000000 , -122.087822, 37.387628, 28.799523
770.000000 , -122.087810, 37.387634, 27.525478
771.000000 , -122.087804, 37.387633, 27.442802
772.000000 , -122.087790, 37.387634, 26.573398
773.000000 , -122.087788, 37.387623, 27.204610
774.000000 , -122.087773, 37.387641, 18.867883
775.000000 , -122.087766, 37.387645, 16.381411
776.000000 , -122.087752, 37.387641, 12.765175
777.000000 , -122.087746, 37.387640, 11.599921
778.000000 , -122.087726, 37.387643, 8.727785
779.000000 , -122.087716, 37.387637, 8.130850
780.000000 , -122.087726, 37.387632, 9.798193
781.000000 , -122.087736, 37.387621, 12.699476
782.000000 , -122.087738, 37.387611, 14.611630
783.000000 , -122.087735, 37.387601, 15.888382
784.000000 , -122.087739, 37.387603, 15.523470
785.000000 , -122.087731, 37.387594, 14.506054
786.000000 , -122.087738, 37.387597, 15.198974
787.000000 , -122.087747, 37.387616, 14.784267
788.000000 , -122.087746, 37.387612, 14.686924
789.000000 , -122.087764, 37.387613, 16.851008
790.000000 , -122.087776, 37.387630, 15.860692
791.000000 , -122.087786, 37.387641, 14.299118
792.000000 , -122.087799, 37.387651, 14.264409
793.000000 , -122.087814, 37.387661, 16.172116
794.000000 , -122.087824, 37.387672, 13.254504
795.000000 , -122.087830, 37.387687, 13.828488
796.000000 , -122.087833, 37.387701, 14.816331
797.000000 , -122.087820, 37.387706, 12.893236
798.000000 , -122.087819, 37.387713, 12.580545
799.000000 , -122.087813, 37.387733, 9.156109
800.000000 , -122.087788, 37.387747, 4.559689
801.000000 , -122.087765, 37.387745, 2.872049
802.000000 , -122.087757, 37.387745, 4.115284
803.000000 , -122.087736, 37.387756, -1.398922
804.000000 , -122.087720, 37.387757, -5.106649
805.000000 , -122.087730, 37.387752, -0.476752
806.000000 , -122.087701, 37.387749, -3.411588
807.000000 , -122.087704, 37.387752, -5.313312
808.000000 , -122.087737, 37.387750, -1.130829
809.000000 , -122.087779, 37.387745, 4.990776
810.000000 , -122.087821, 37.387762, 6.634673
811.000000 , -122.087886, 37.387776, 9.697875
812.000000 , -122.087945, 37.387803, 11.052259
813.000000 , -122.088023, 37.387835, 10.820771
814.000000 , -122.088114, 37.387875, 10.446021
815.000000 , -122.088219, 37.387924, 8.734933
816.000000 , -122.088330, 37.387971, 5.288982
817.000000 , -122.088462, 37.388039, 4.871231
818.000000 , -122.088600, 37.388112, 3.782030
819.000000 , -122.088749, 37.388187, 2.808652
820.000000 , -122.088904, 37.388270, 1.109528
821.000000 , -122.089054, 37.388345, 1.603805
822.000000 , -122.089192, 37.388425, -1.344578
823.000000 , -122.089345, 37.388509, -2.450230
824.000000 , -122.089487, 37.388584, -3.972782
825.000000 , -122.089638, 37.388665, -6.323563
826.000000 , -122.089771, 37.388749, -8.521225
827.000000 , -122.089920, 37.388828, -9.635527
828.000000 , -122.090065, 37.388909, -9.416045
829.000000 , -122.090214, 37.388968, -8.384053
830.000000 , -122.090354, 37.389049, -8.847565
831.000000 , -122.090496, 37.389114, -9.474945
832.000000 , -122.090627, 37.389215, -11.379995
833.000000 , -122.090783, 37.389285, -9.321132
834.000000 , -122.090938, 37.389343, -7.626952
835.000000 , -122.091075, 37.389412, -10.006400
836.000000 , -122.091218, 37.389485, -9.996418
837.000000 , -122.091375, 37.389555, -6.602247
838.000000 , -122.091515, 37.389627, -6.668966
839.000000 , -122.091694, 37.389686, 0.337501
840.000000 , -122.091849, 37.389767, -0.337026
841.000000 , -122.092011, 37.389840, -0.641340
842.000000 , -122.092171, 37.389912, -0.238114
843.000000 , -122.092334, 37.389979, 1.916903
844.000000 , -122.092488, 37.390047, 3.432767
845.000000 , -122.092642, 37.390114, 3.861527
846.000000 , -122.092807, 37.390187, 7.802250
847.000000 , -122.092967, 37.390275, 9.263735
848.000000 , -122.093134, 37.390341, 9.541898
849.000000 , -122.093306, 37.390417, 11.073124
850.000000 , -122.093437, 37.390515, 2.146473
851.000000 , -122.093597, 37.390593, 3.845731
852.000000 , -122.093775, 37.390658, 10.487104
853.000000 , -122.093923, 37.390746, 12.297615
854.000000 , -122.094032, 37.390864, 5.544787
855.000000 , -122.094167, 37.390950, 4.418420
856.000000 , -122.094286, 37.391034, 5.211545
857.000000 , -122.094407, 37.391112, 6.332610
858.000000 , -122.094514, 37.391184, 6.774974
859.000000 , -122.094604, 37.391260, 5.813803
860.000000 , -122.094682, 37.391338, 6.030828
861.000000 , -122.094725, 37.391430, -0.848607
862.000000 , -122.094790, 37.391479, 0.816604
863.000000 , -122.094830, 37.391529, -0.702857
864.000000 , -122.094870, 37.391569, -3.099848
865.000000 , -122.094896, 37.391596, -5.468157
866.000000 , -122.094916, 37.391614, -6.338010
867.000000 , -122.094921, 37.391624, -7.884845
868.000000 , -122.094923, 37.391629, -10.964349
869.000000 , -122.094914, 37.391619, -12.280860
870.000000 , -122.094911, 37.391614, -12.749285
871.000000 , -122.094899, 37.391612, -14.770140
872.000000 , -122.094894, 37.391603, -13.629165
873.000000 , -122.094863, 37.391587, -15.537212
874.000000 , -122.094845, 37.391573, -16.129091
875.000000 , -122.094820, 37.391557, -16.000719
876.000000 , -122.094804, 37.391542, -15.932843
877.000000 , -122.094787, 37.391535, -15.334132
878.000000 , -122.094783, 37.391529, -13.972629
879.000000 , -122.094780, 37.391530, -12.272770
880.000000 , -122.094780, 37.391538, -10.738974
881.000000 , -122.094778, 37.391545, -10.216691
882.000000 , -122.094792, 37.391555, -9.111242
883.000000 , -122.094811, 37.391569, -9.942837
884.000000 , -122.094842, 37.391584, -8.473307
885.000000 , -122.094871, 37.391604, -7.253572
886.000000 , -122.094889, 37.391651, -12.107313
887.000000 , -122.094919, 37.391715, -15.944794
888.000000 , -122.094977, 37.391782, -18.640450
889.000000 , -122.095043, 37.391862, -20.867895
890.000000 , -122.095129, 37.391934, -20.884318
891.000000 , -122.095199, 37.392012, -24.323306
892.000000 , -122.095259, 37.392093, -26.620135
893.000000 , -122.095377, 37.392188, -24.320326
894.000000 , -122.095487, 37.392293, -21.913688
895.000000 , -122.095612, 37.392401, -19.294796
896.000000 , -122.095723, 37.392499, -18.394662
897.000000 , -122.095814, 37.392604, -19.699234
898.000000 , -122.095929, 37.392714, -17.373197
899.000000 , -122.096042, 37.392822, -15.902758
900.000000 , -122.096152, 37.392925, -15.308942
901.000000 , -122.096267, 37.393025, -15.219054
902.000000 , -122.096374, 37.393116, -13.305624
903.000000 , -122.096489, 37.393209, -12.731428
904.000000 , -122.096612, 37.393303, -10.417726
905.000000 , -122.096740, 37.393401, -9.268249
906.000000 , -122.096864, 37.393499, -10.564510
907.000000 , -122.096992, 37.393595, -10.209477
908.000000 , -122.097124, 37.393679, -10.571261
909.000000 , -122.097263, 37.393781, -11.876404
910.000000 , -122.097408, 37.393864, -10.738271
911.000000 , -122.097569, 37.393930, -6.694391
912.000000 , -122.097718, 37.394007, -5.048719
913.000000 , -122.097869, 37.394081, -5.044344
914.000000 , -122.098024, 37.394140, -4.245972
915.000000 , -122.098183, 37.394199, -4.168223
916.000000 , -122.098335, 37.394265, -4.233189
917.000000 , -122.098498, 37.394331, -5.162055
918.000000 , -122.098661, 37.394396, -4.216405
919.000000 , -122.098823, 37.394469, -3.755436
920.000000 , -122.098982, 37.394545, -3.014332
921.000000 , -122.099141, 37.394625, -3.985836
922.000000 , -122.099295, 37.394698, -4.354940
923.000000 , -122.099465, 37.394765, -6.220406
924.000000 , -122.099628, 37.394833, -5.566743
925.000000 , -122.099790, 37.394909, -8.226350
926.000000 , -122.099967, 37.394967, -4.501086
927.000000 , -122.100145, 37.395022, 0.924128
928.000000 , -122.100292, 37.395100, 0.304390
929.000000 , -122.100444, 37.395169, -0.734715
930.000000 , -122.100602, 37.395221, -0.585672
931.000000 , -122.100734, 37.395287, -9.033289
932.000000 , -122.100886, 37.395329, -7.891351
933.000000 , -122.101031, 37.395365, -4.783871
934.000000 , -122.101154, 37.395434, -7.566849
935.000000 , -122.101287, 37.395494, -8.853877
936.000000 , -122.101413, 37.395549, -9.131056
937.000000 , -122.101542, 37.395606, -7.714318
938.000000 , -122.101666, 37.395658, -5.491623
939.000000 , -122.101782, 37.395712, -4.214881
940.000000 , -122.101892, 37.395777, -3.257470
941.000000 , -122.102008, 37.395836, -2.220788
942.000000 , -122.102131, 37.395892, 0.000918
943.000000 , -122.102246, 37.395940, -0.677227
944.000000 , -122.102366, 37.395996, -1.240095
945.000000 , -122.102479, 37.396053, -3.418077
946.000000 , -122.102606, 37.396092, -1.998548
947.000000 , -122.102721, 37.396140, -2.069458
948.000000 , -122.102822, 37.396180, -1.603332
949.000000 , -122.102919, 37.396212, 0.807595
950.000000 , -122.102990, 37.396260, -0.976419
951.000000 , -122.103048, 37.396293, -2.104702
952.000000 , -122.103121, 37.396328, -2.664092
953.000000 , -122.103177, 37.396349, -3.426803
954.000000 , -122.103195, 37.396355, -2.943680
955.000000 , -122.103172, 37.396358, -4.170934
956.000000 , -122.103172, 37.396343, -4.142350
957.000000 , -122.103150, 37.396332, -3.067420
958.000000 , -122.103105, 37.396331, -1.229540
959.000000 , -122.103090, 37.396363, -0.700721
960.000000 , -122.103067, 37.396367, 1.357706
961.000000 , -122.103066, 37.396352, 5.510855
962.000000 , -122.103062, 37.396346, 8.054656
963.000000 , -122.103061, 37.396343, 9.818275
964.000000 , -122.103064, 37.396360, 7.763787
965.000000 , -122.103074, 37.396359, 5.863917
966.000000 , -122.103102, 37.396343, 8.767548
967.000000 , -122.103096, 37.396330, 11.968386
968.000000 , -122.103107, 37.396326, 13.560499
969.000000 , -122.103114, 37.396317, 14.277722
970.000000 , -122.103122, 37.396298, 16.416083
971.000000 , -122.103116, 37.396299, 16.866879
972.000000 , -122.103105, 37.396317, 13.209314
973.000000 , -122.103095, 37.396324, 14.075501
974.000000 , -122.103105, 37.396322, 15.360835
975.000000 , -122.103114, 37.396320, 16.623218
976.000000 , -122.103111, 37.396335, 13.179098
977.000000 , -122.103110, 37.396334, 12.892471
978.000000 , -122.103119, 37.396340, 10.563248
979.000000 , -122.103127, 37.396340, 9.489813
980.000000 , -122.103136, 37.396336, 7.498011
981.000000 , -122.103128, 37.396328, 6.608807
982.000000 , -122.103128, 37.396317, 5.599234
983.000000 , -122.103133, 37.396298, 6.464101
984.000000 , -122.103144, 37.396275, 7.964740
985.000000 , -122.103132, 37.396261, 6.864162
986.000000 , -122.103120, 37.396241, 7.600282
987.000000 , -122.103128, 37.396212, 11.491920
988.000000 , -122.103129, 37.396196, 11.566820
989.000000 , -122.103124, 37.396180, 13.524578
990.000000 , -122.103108, 37.396172, 15.348029
991.000000 , -122.103099, 37.396156, 18.282623
992.000000 , -122.103095, 37.396161, 18.718603
993.000000 , -122.103098, 37.396148, 21.322099
994.000000 , -122.103103, 37.396138, 23.563840
995.000000 , -122.103100, 37.396135, 22.790099
996.000000 , -122.103099, 37.396143, 21.139051
997.000000 , -122.103093, 37.396157, 18.900309
998.000000 , -122.103095, 37.396165, 19.135180
999.000000 , -122.103090, 37.396183, 17.811424
1000.000000 , -122.103075, 37.396204, 14.578881
1001.000000 , -122.103086, 37.396207, 13.377952
1002.000000 , -122.103084, 37.396238, 10.273214
1003.000000 , -122.103082, 37.396251, 7.780441
1004.000000 , -122.103068, 37.396296, -0.961062
1005.000000 , -122.103072, 37.396319, -1.454808
1006.000000 , -122.103058, 37.396335, -5.103522
1007.000000 , -122.103056, 37.396339, -5.096667
1008.000000 , -122.103066, 37.396335, -3.745218
1009.000000 , -122.103050, 37.396345, -8.841759
1010.000000 , -122.103046, 37.396332, -9.303886
1011.000000 , -122.103038, 37.396326, -11.600749
1012.000000 , -122.103028, 37.396314, -9.889562
1013.000000 , -122.103016, 37.396295, -8.717373
1014.000000 , -122.103004, 37.396277, -7.570882
1015.000000 , -122.102980, 37.396264, -7.327664
1016.000000 , -122.102968, 37.396240, -6.480382
1017.000000 , -122.102972, 37.396222, -3.701629
1018.000000 , -122.102968, 37.396216, -3.827154
1019.000000 , -122.102970, 37.396193, -2.512336
1020.000000 , -122.102975, 37.396178, 1.593055
1021.000000 , -122.102983, 37.396170, 2.396386
1022.000000 , -122.102996, 37.396165, 5.229990
1023.000000 , -122.102999, 37.396168, 3.421960
1024.000000 , -122.103010, 37.396180, 2.260972
1025.000000 , -122.103030, 37.396201, 1.007081
1026.000000 , -122.103058, 37.396205, 2.899539
1027.000000 , -122.103091, 37.396221, 4.626019
1028.000000 , -122.103109, 37.396240, 4.537977
1029.000000 , -122.103124, 37.396245, 5.835974
1030.000000 , -122.103136, 37.396264, 5.318635
1031.000000 , -122.103142, 37.396287, 1.914515
1032.000000 , -122.103146, 37.396338, 4.469201
1033.000000 , -122.103152, 37.396365, 2.455820
1034.000000 , -122.103165, 37.396374, 2.854976
1035.000000 , -122.103168, 37.396359, -1.161821
1036.000000 , -122.103155, 37.396330, -2.584263
1037.000000 , -122.103159, 37.396307, -1.397284
1038.000000 , -122.103153, 37.396269, -0.809589
1039.000000 , -122.103143, 37.396266, -4.106973
1040.000000 , -122.103143, 37.396289, -3.833134
1041.000000 , -122.103147, 37.396344, -1.276313
1042.000000 , -122.103150, 37.396452, 2.489330
1043.000000 , -122.103161, 37.396497, 7.706222
1044.000000 , -122.103160, 37.396571, 15.690775
1045.000000 , -122.103155, 37.396598, 19.906754
1046.000000 , -122.103149, 37.396600, 25.405901
1047.000000 , -122.103145, 37.396628, 26.198041
1048.000000 , -122.103137, 37.396647, 18.121355
1049.000000 , -122.103144, 37.396597, 12.103385
1050.000000 , -122.103146, 37.396484, 9.159646
1051.000000 , -122.103144, 37.396425, 4.744983
1052.000000 , -122.103129, 37.396409, 2.176883
1053.000000 , -122.103113, 37.396356, 3.419748
1054.000000 , -122.103086, 37.396308, -2.848430
1055.000000 , -122.103042, 37.396236, -8.322265
1056.000000 , -122.102958, 37.396185, -16.157030
1057.000000 , -122.102896, 37.396142, -23.191029
1058.000000 , -122.102796, 37.396103, -21.825528
1059.000000 , -122.102680, 37.396058, -16.666564
1060.000000 , -122.102525, 37.395978, -14.986998
1061.000000 , -122.102349, 37.395888, -11.755791
1062.000000 , -122.102141, 37.395790, -6.817468
1063.000000 , -122.101940, 37.395709, -3.387058
1064.000000 , -122.101735, 37.395616, -0.483332
1065.000000 , -122.101569, 37.395554, -5.717075
1066.000000 , -122.101376, 37.395457, -4.607260
1067.000000 , -122.101194, 37.395373, -6.858047
1068.000000 , -122.101011, 37.395289, -5.601740
1069.000000 , -122.100827, 37.395200, -5.973789
1070.000000 , -122.100637, 37.395122, -5.515379
1071.000000 , -122.100434, 37.395038, -6.549613
1072.000000 , -122.100222, 37.394950, -6.171136
1073.000000 , -122.100019, 37.394872, -5.907030
1074.000000 , -122.099805, 37.394776, -6.616434
1075.000000 , -122.099599, 37.394690, -6.113985
1076.000000 , -122.099384, 37.394603, -3.209671
1077.000000 , -122.099177, 37.394524, -2.280729
1078.000000 , -122.098979, 37.394445, 0.437696
1079.000000 , -122.098793, 37.394360, 2.157030
1080.000000 , -122.098609, 37.394284, 1.080577
1081.000000 , -122.098417, 37.394202, -0.290916
1082.000000 , -122.098226, 37.394124, -1.309253
1083.000000 , -122.098047, 37.394043, -1.443484
1084.000000 , -122.097866, 37.393961, -1.946487
1085.000000 , -122.097683, 37.393873, 0.114582
1086.000000 , -122.097506, 37.393785, -0.433672
1087.000000 , -122.097347, 37.393697, -1.438439
1088.000000 , -122.097182, 37.393595, -3.007202
1089.000000 , -122.097023, 37.393501, -3.077319
1090.000000 , -122.096869, 37.393410, -4.720038
1091.000000 , -122.096721, 37.393317, -7.393414
1092.000000 , -122.096556, 37.393205, -8.525990
1093.000000 , -122.096421, 37.393092, -10.141915
1094.000000 , -122.096291, 37.392983, -11.457628
1095.000000 , -122.096199, 37.392886, -13.458385
1096.000000 , -122.096138, 37.392808, -15.020901
1097.000000 , -122.096091, 37.392734, -16.677350
1098.000000 , -122.095991, 37.392626, -16.076519
1099.000000 , -122.095918, 37.392540, -14.179912
1100.000000 , -122.095832, 37.392441, -12.745049
1101.000000 , -122.095722, 37.392349, -11.879432
1102.000000 , -122.095625, 37.392257, -9.161604
1103.000000 , -122.095528, 37.392159, -8.379741
1104.000000 , -122.095438, 37.392068, -8.040170
1105.000000 , -122.095337, 37.391963, -7.227191
1106.000000 , -122.095247, 37.391862, -7.599730
1107.000000 , -122.095164, 37.391756, -7.517118
1108.000000 , -122.095085, 37.391645, -6.743828
1109.000000 , -122.094993, 37.391541, -6.532364
1110.000000 , -122.094884, 37.391426, -5.935936
1111.000000 , -122.094772, 37.391319, -5.897093
1112.000000 , -122.094648, 37.391214, -4.776986
1113.000000 , -122.094511, 37.391098, -4.760892
1114.000000 , -122.094393, 37.390981, -3.834368
1115.000000 , -122.094227, 37.390882, -2.377244
1116.000000 , -122.094076, 37.390792, -0.754432
1117.000000 , -122.093930, 37.390698, 3.593697
1118.000000 , -122.093759, 37.390605, 5.366814
1119.000000 , -122.093603, 37.390509, 8.359519
1120.000000 , -122.093454, 37.390431, 6.082089
1121.000000 , -122.093342, 37.390394, 3.413851
1122.000000 , -122.093199, 37.390351, 5.992805
1123.000000 , -122.093074, 37.390269, 3.760823
1124.000000 , -122.092929, 37.390204, 3.120155
1125.000000 , -122.092784, 37.390128, 3.341995
1126.000000 , -122.092637, 37.390059, 1.890810
1127.000000 , -122.092495, 37.389971, -0.444865
1128.000000 , -122.092350, 37.389903, -1.716256
1129.000000 , -122.092219, 37.389836, -2.434688
1130.000000 , -122.092059, 37.389765, -4.856890
1131.000000 , -122.091915, 37.389696, -4.822431
1132.000000 , -122.091738, 37.389620, -2.683461
1133.000000 , -122.091598, 37.389542, -5.092475
1134.000000 , -122.091455, 37.389464, -4.875857
1135.000000 , -122.091330, 37.389386, -6.506637
1136.000000 , -122.091196, 37.389315, -6.381261
1137.000000 , -122.091057, 37.389236, -6.944609
1138.000000 , -122.090892, 37.389165, -5.662645
1139.000000 , -122.090738, 37.389090, -4.025565
1140.000000 , -122.090589, 37.389010, -4.986593
1141.000000 , -122.090456, 37.388951, -4.309271
1142.000000 , -122.090334, 37.388894, -2.936656
1143.000000 , -122.090226, 37.388842, -2.193052
1144.000000 , -122.090136, 37.388793, -0.635539
1145.000000 , -122.090091, 37.388769, -3.893264
1146.000000 , -122.089990, 37.388719, -4.278102
1147.000000 , -122.089927, 37.388679, -3.436569
1148.000000 , -122.089861, 37.388646, -3.386517
1149.000000 , -122.089850, 37.388634, -5.475350
1150.000000 , -122.089819, 37.388624, -6.114777
1151.000000 , -122.089820, 37.388623, -4.642483
1152.000000 , -122.089768, 37.388601, -4.304316
1153.000000 , -122.089731, 37.388592, -4.648265
1154.000000 , -122.089696, 37.388587, -4.972405
1155.000000 , -122.089688, 37.388585, -4.363125
1156.000000 , -122.089679, 37.388577, -3.612978
1157.000000 , -122.089671, 37.388577, -2.478082
1158.000000 , -122.089670, 37.388572, -3.217232
1159.000000 , -122.089670, 37.388575, -3.733984
1160.000000 , -122.089675, 37.388580, -3.927188
1161.000000 , -122.089674, 37.388575, -4.257198
1162.000000 , -122.089676, 37.388580, -6.014875
1163.000000 , -122.089673, 37.388567, -5.225104
1164.000000 , -122.089663, 37.388558, -4.028764
1165.000000 , -122.089663, 37.388553, -2.601637
1166.000000 , -122.089674, 37.388537, -0.337214
1167.000000 , -122.089672, 37.388536, -1.269791
1168.000000 , -122.089672, 37.388528, -0.718088
1169.000000 , -122.089665, 37.388526, -0.143726
1170.000000 , -122.089664, 37.388523, 1.135468
1171.000000 , -122.089651, 37.388518, 2.436384
1172.000000 , -122.089651, 37.388527, 3.219974
1173.000000 , -122.089645, 37.388520, 4.726372
1174.000000 , -122.089642, 37.388521, 4.929770
1175.000000 , -122.089632, 37.388527, 4.200039
1176.000000 , -122.089625, 37.388528, 3.283264
1177.000000 , -122.089621, 37.388534, 3.009750
1178.000000 , -122.089626, 37.388538, 3.638266
1179.000000 , -122.089624, 37.388545, 2.871899
1180.000000 , -122.089629, 37.388559, 3.512669
1181.000000 , -122.089627, 37.388563, 1.982583
1182.000000 , -122.089642, 37.388570, -1.184426
1183.000000 , -122.089671, 37.388573, -4.914201
1184.000000 , -122.089701, 37.388583, -7.784594
1185.000000 , -122.089735, 37.388588, -9.856298
1186.000000 , -122.089740, 37.388587, -11.742473
1187.000000 , -122.089725, 37.388586, -10.149929
1188.000000 , -122.089720, 37.388589, -10.530849
1189.000000 , -122.089708, 37.388588, -11.657900
1190.000000 , -122.089707, 37.388585, -11.772044
1191.000000 , -122.089696, 37.388574, -12.394413
1192.000000 , -122.089685, 37.388561, -12.440835
1193.000000 , -122.089676, 37.388546, -10.164919
1194.000000 , -122.089654, 37.388539, -8.318115
1195.000000 , -122.089643, 37.388522, -5.518501
1196.000000 , -122.089612, 37.388508, -2.010892
1197.000000 , -122.089591, 37.388496, 1.496574
1198.000000 , -122.089598, 37.388486, 2.675401
1199.000000 , -122.089592, 37.388481, 4.055639
1200.000000 , -122.089590, 37.388477, 6.819541
1201.000000 , -122.089572, 37.388478, 7.978649
1202.000000 , -122.089552, 37.388475, 9.652227
1203.000000 , -122.089519, 37.388482, 10.530645
1204.000000 , -122.089510, 37.388495, 8.974241
1205.000000 , -122.089487, 37.388496, 9.089891
1206.000000 , -122.089449, 37.388507, 8.300083
1207.000000 , -122.089480, 37.388524, 4.497585
1208.000000 , -122.089500, 37.388533, 2.447342
1209.000000 , -122.089506, 37.388537, 1.523385
1210.000000 , -122.089517, 37.388531, 3.293240
1211.000000 , -122.089520, 37.388537, 2.644900
1212.000000 , -122.089509, 37.388532, 2.028950
1213.000000 , -122.089511, 37.388523, 2.521208
1214.000000 , -122.089515, 37.388515, 1.632349
1215.000000 , -122.089490, 37.388487, 2.165108
1216.000000 , -122.089447, 37.388461, 0.543787
1217.000000 , -122.089412, 37.388419, -0.395933
1218.000000 , -122.089304, 37.388357, 1.094676
1219.000000 , -122.089209, 37.388308, 0.372502
1220.000000 , -122.089041, 37.388231, 0.660391
1221.000000 , -122.088916, 37.388173, 0.246023
1222.000000 , -122.088803, 37.388114, -0.989048
1223.000000 , -122.088713, 37.388073, -2.220370
1224.000000 , -122.088622, 37.388027, -2.320076
1225.000000 , -122.088537, 37.387985, -3.000518
1226.000000 , -122.088449, 37.387939, -4.676635
1227.000000 , -122.088341, 37.387895, -6.715022
1228.000000 , -122.088232, 37.387844, -6.850923
1229.000000 , -122.088102, 37.387781, -7.360125
1230.000000 , -122.087978, 37.387722, -6.229930
1231.000000 , -122.087859, 37.387659, -5.109948
1232.000000 , -122.087739, 37.387600, -5.723668
1233.000000 , -122.087607, 37.387539, -4.063277
1234.000000 , -122.087487, 37.387479, -3.351378
1235.000000 , -122.087354, 37.387411, -2.451645
1236.000000 , -122.087211, 37.387348, -1.247698
1237.000000 , -122.087084, 37.387287, -0.813765
1238.000000 , -122.086959, 37.387197, -1.288372
1239.000000 , -122.086816, 37.387131, -0.888007
1240.000000 , -122.086689, 37.387064, -0.733249
1241.000000 , -122.086556, 37.386999, -1.856554
1242.000000 , -122.086442, 37.386942, -2.282847
1243.000000 , -122.086301, 37.386879, -1.014544
1244.000000 , -122.086182, 37.386804, -3.492697
1245.000000 , -122.086057, 37.386742, -4.017491
1246.000000 , -122.085934, 37.386698, -7.275622
1247.000000 , -122.085798, 37.386642, -7.421220
1248.000000 , -122.085684, 37.386594, -7.792470
1249.000000 , -122.085550, 37.386551, -4.312714
1250.000000 , -122.085445, 37.386496, -2.374061
1251.000000 , -122.085337, 37.386440, 0.145901
1252.000000 , -122.085249, 37.386371, 4.238432
1253.000000 , -122.085161, 37.386327, 3.515856
1254.000000 , -122.085069, 37.386285, 2.852954
1255.000000 , -122.084974, 37.386245, 2.288142
1256.000000 , -122.084892, 37.386202, 1.740478
1257.000000 , -122.084833, 37.386171, 2.108096
1258.000000 , -122.084807, 37.386152, -0.966078
1259.000000 , -122.084783, 37.386138, -1.316470
1260.000000 , -122.084779, 37.386138, -1.987694
1261.000000 , -122.084773, 37.386136, -2.656428
1262.000000 , -122.084713, 37.386123, 0.945671
1263.000000 , -122.084707, 37.386125, 4.584302
1264.000000 , -122.084781, 37.386169, 4.833335
1265.000000 , -122.084812, 37.386183, 9.372642
1266.000000 , -122.084841, 37.386198, 14.396229
1267.000000 , -122.084873, 37.386197, 21.271045
1268.000000 , -122.084906, 37.386199, 28.180513
1269.000000 , -122.084961, 37.386218, 34.820149
1270.000000 , -122.085011, 37.386228, 40.580490
1271.000000 , -122.085054, 37.386226, 44.781627
1272.000000 , -122.085062, 37.386234, 46.163729
1273.000000 , -122.085054, 37.386233, 43.906685
1274.000000 , -122.085035, 37.386222, 43.700652
1275.000000 , -122.085027, 37.386214, 45.042333
1276.000000 , -122.085013, 37.386220, 43.190473
1277.000000 , -122.085001, 37.386217, 42.120159
1278.000000 , -122.084992, 37.386218, 42.857030
1279.000000 , -122.084977, 37.386219, 42.312630
1280.000000 , -122.084958, 37.386214, 43.197575
1281.000000 , -122.084939, 37.386202, 44.771880
1282.000000 , -122.084915, 37.386201, 45.827087
1283.000000 , -122.084899, 37.386193, 46.793468
1284.000000 , -122.084902, 37.386195, 47.958361
1285.000000 , -122.084910, 37.386195, 46.458986
1286.000000 , -122.084900, 37.386173, 44.071380
1287.000000 , -122.084887, 37.386142, 44.446558
1288.000000 , -122.084866, 37.386119, 44.397723
1289.000000 , -122.084857, 37.386106, 43.907158
1290.000000 , -122.084851, 37.386097, 42.982970
1291.000000 , -122.084851, 37.386094, 41.147201
1292.000000 , -122.084830, 37.386114, 37.597858
1293.000000 , -122.084794, 37.386137, 27.192480
1294.000000 , -122.084796, 37.386140, 24.125493
1295.000000 , -122.084785, 37.386142, 19.059414
1296.000000 , -122.084748, 37.386167, 11.241346
1297.000000 , -122.084720, 37.386187, 6.726204
1298.000000 , -122.084700, 37.386218, -0.928361
1299.000000 , -122.084674, 37.386230, -4.600663
1300.000000 , -122.084674, 37.386250, -12.188765
1301.000000 , -122.084675, 37.386248, -14.100655
1302.000000 , -122.084682, 37.386245, -15.826958
1303.000000 , -122.084698, 37.386234, -19.284030
1304.000000 , -122.084730, 37.386212, -12.907031
1305.000000 , -122.084729, 37.386209, -15.269464
1306.000000 , -122.084744, 37.386204, -15.629722
1307.000000 , -122.084779, 37.386177, -7.127859
1308.000000 , -122.084803, 37.386160, -0.155158
1309.000000 , -122.084818, 37.386147, 2.298379
1310.000000 , -122.084838, 37.386148, 3.097894
1311.000000 , -122.084839, 37.386134, 6.919210
1312.000000 , -122.084851, 37.386124, 10.250562
1313.000000 , -122.084866, 37.386110, 14.425432
1314.000000 , -122.084894, 37.386078, 19.801120
1315.000000 , -122.084895, 37.386064, 18.612256
1316.000000 , -122.084898, 37.386055, 18.676155
1317.000000 , -122.084885, 37.386051, 18.354121
1318.000000 , -122.084871, 37.386045, 15.689770
1319.000000 , -122.084867, 37.386039, 13.323927
1320.000000 , -122.084852, 37.386031, 16.842749
1321.000000 , -122.084844, 37.386015, 19.311186
1322.000000 , -122.084842, 37.386022, 20.497655
1323.000000 , -122.084827, 37.386027, 17.094312
1324.000000 , -122.084804, 37.386031, 18.310661
1325.000000 , -122.084773, 37.386041, 17.395071
1326.000000 , -122.084751, 37.386066, 17.348950
1327.000000 , -122.084735, 37.386097, 16.980193
1328.000000 , -122.084722, 37.386123, 15.148808
1329.000000 , -122.084699, 37.386143, 19.002851
1330.000000 , -122.084692, 37.386153, 20.682644
1331.000000 , -122.084700, 37.386158, 20.691409
1332.000000 , -122.084721, 37.386164, 18.657803
1333.000000 , -122.084702, 37.386141, 18.497569
1334.000000 , -122.084691, 37.386145, 19.058056
1335.000000 , -122.084692, 37.386148, 17.425923
1336.000000 , -122.084684, 37.386150, 11.445118
1337.000000 , -122.084705, 37.386143, 10.726206
1338.000000 , -122.084697, 37.386117, 10.208523
1339.000000 , -122.084709, 37.386088, 13.864275
1340.000000 , -122.084702, 37.386085, 12.640364
1341.000000 , -122.084654, 37.386081, 11.412032
1342.000000 , -122.084597, 37.386053, 9.840132
1343.000000 , -122.084538, 37.386021, 12.624845
1344.000000 , -122.084470, 37.385997, 10.941456
1345.000000 , -122.084406, 37.385966, 8.888443
1346.000000 , -122.084338, 37.385923, 7.484710
1347.000000 , -122.084258, 37.385877, 11.114227
1348.000000 , -122.084168, 37.385812, 13.084774
1349.000000 , -122.084040, 37.385759, 17.945920
1350.000000 , -122.083937, 37.385705, 16.231449
1351.000000 , -122.083845, 37.385648, 13.327645
1352.000000 , -122.083763, 37.385596, 10.781563
1353.000000 , -122.083646, 37.385537, 9.620305
1354.000000 , -122.083557, 37.385480, 6.868647
1355.000000 , -122.083446, 37.385432, 5.777453
1356.000000 , -122.083334, 37.385377, 5.934269
1357.000000 , -122.083223, 37.385331, 5.756903
1358.000000 , -122.083100, 37.385285, 1.639947
1359.000000 , -122.082965, 37.385233, 1.612689
1360.000000 , -122.082841, 37.385173, 0.302598
1361.000000 , -122.082711, 37.385113, -1.905541
1362.000000 , -122.082582, 37.385045, -1.497673
1363.000000 , -122.082439, 37.384976, -1.087014
1364.000000 , -122.082298, 37.384900, -1.658502
1365.000000 , -122.082153, 37.384837, -6.005830
1366.000000 , -122.082024, 37.384771, -8.375767
1367.000000 , -122.081884, 37.384693, -9.414266
1368.000000 , -122.081717, 37.384616, -12.014328
1369.000000 , -122.081556, 37.384533, -9.392632
1370.000000 , -122.081412, 37.384452, -7.632847
1371.000000 , -122.081261, 37.384367, -6.340492
1372.000000 , -122.081100, 37.384292, -7.287577
1373.000000 , -122.080941, 37.384224, -5.384891
1374.000000 , -122.080801, 37.384147, -5.442278
1375.000000 , -122.080641, 37.384071, -4.436890
1376.000000 , -122.080475, 37.383989, -2.466775
1377.000000 , -122.080322, 37.383913, -1.546177
1378.000000 , -122.080187, 37.383852, -1.649133
1379.000000 , -122.080051, 37.383778, -0.560268
1380.000000 , -122.079930, 37.383705, -1.261516
1381.000000 , -122.079803, 37.383648, 0.032605
1382.000000 , -122.079664, 37.383603, -0.157047
1383.000000 , -122.079544, 37.383547, 0.382062
1384.000000 , -122.079422, 37.383483, 1.416792
1385.000000 , -122.079287, 37.383416, 1.127549
1386.000000 , -122.079159, 37.383343, 0.785552
1387.000000 , -122.079036, 37.383277, 2.074266
1388.000000 , -122.078909, 37.383221, 3.245441
1389.000000 , -122.078794, 37.383170, 2.097460
1390.000000 , -122.078703, 37.383132, 0.548144
1391.000000 , -122.078595, 37.383092, -0.327421
1392.000000 , -122.078487, 37.383037, -1.583525
1393.000000 , -122.078385, 37.382983, 0.810215
1394.000000 , -122.078279, 37.382937, 0.308305
1395.000000 , -122.078171, 37.382889, -0.306908
1396.000000 , -122.078080, 37.382847, -1.316645
1397.000000 , -122.077996, 37.382815, -1.290937
1398.000000 , -122.077928, 37.382795, -3.207989
1399.000000 , -122.077865, 37.382768, -1.964953
1400.000000 , -122.077813, 37.382738, -0.673651
1401.000000 , -122.077762, 37.382717, -0.172430
1402.000000 , -122.077744, 37.382709, -0.953833
1403.000000 , -122.077711, 37.382699, 0.887723
1404.000000 , -122.077700, 37.382698, 3.692731
1405.000000 , -122.077701, 37.382707, 4.896557
1406.000000 , -122.077709, 37.382715, 4.383996
1407.000000 , -122.077714, 37.382714, 8.508983
1408.000000 , -122.077721, 37.382714, 10.934422
1409.000000 , -122.077729, 37.382711, 13.049765
1410.000000 , -122.077736, 37.382702, 17.686564
1411.000000 , -122.077754, 37.382703, 19.132038
1412.000000 , -122.077774, 37.382685, 24.992262
1413.000000 , -122.077786, 37.382683, 27.604942
1414.000000 , -122.077783, 37.382707, 21.309324
1415.000000 , -122.077767, 37.382715, 16.380812
1416.000000 , -122.077784, 37.382702, 17.189959
1417.000000 , -122.077800, 37.382690, 18.902126
1418.000000 , -122.077803, 37.382713, 11.527909
1419.000000 , -122.077811, 37.382712, 10.949737
1420.000000 , -122.077801, 37.382709, 9.758137
1421.000000 , -122.077791, 37.382711, 8.052384
1422.000000 , -122.077774, 37.382694, 12.503828
1423.000000 , -122.077754, 37.382682, 16.646769
1424.000000 , -122.077759, 37.382655, 23.416291
1425.000000 , -122.077755, 37.382660, 21.804139
1426.000000 , -122.077762, 37.382672, 19.371866
1427.000000 , -122.077764, 37.382674, 19.891217
1428.000000 , -122.077745, 37.382678, 19.268610
1429.000000 , -122.077743, 37.382669, 21.334313
1430.000000 , -122.077751, 37.382663, 23.365709
1431.000000 , -122.077763, 37.382661, 26.257903
1432.000000 , -122.077759, 37.382671, 24.208930
1433.000000 , -122.077774, 37.382684, 23.976086
1434.000000 , -122.077798, 37.382686, 24.530924
1435.000000 , -122.077793, 37.382696, 21.329509
1436.000000 , -122.077806, 37.382675, 27.529639
1437.000000 , -122.077822, 37.382655, 32.496677
1438.000000 , -122.077819, 37.382642, 35.124046
1439.000000 , -122.077827, 37.382632, 38.020464
1440.000000 , -122.077826, 37.382635, 36.724841
1441.000000 , -122.077823, 37.382637, 35.757843
1442.000000 , -122.077806, 37.382640, 32.372517
1443.000000 , -122.077807, 37.382618, 36.707795
1444.000000 , -122.077801, 37.382604, 39.381150
1445.000000 , -122.077795, 37.382593, 42.462713
1446.000000 , -122.077813, 37.382578, 47.658748
1447.000000 , -122.077814, 37.382565, 51.064858
1448.000000 , -122.077803, 37.382558, 53.590705
1449.000000 , -122.077809, 37.382565, 53.233212
1450.000000 , -122.077812, 37.382569, 52.689068
1451.000000 , -122.077799, 37.382592, 46.795625
1452.000000 , -122.077790, 37.382599, 44.851062
1453.000000 , -122.077792, 37.382605, 45.868729
1454.000000 , -122.077790, 37.382615, 42.638310
1455.000000 , -122.077786, 37.382626, 40.126778
1456.000000 , -122.077784, 37.382624, 40.178717
1457.000000 , -122.077761, 37.382629, 38.006889
1458.000000 , -122.077740, 37.382635, 35.017560
1459.000000 , -122.077741, 37.382636, 33.603274
1460.000000 , -122.077739, 37.382639, 32.706865
1461.000000 , -122.077747, 37.382641, 32.226206
1462.000000 , -122.077752, 37.382629, 35.568720
1463.000000 , -122.077771, 37.382640, 34.530999
1464.000000 , -122.077770, 37.382652, 29.343940
1465.000000 , -122.077757, 37.382659, 26.319723
1466.000000 , -122.077734, 37.382658, 23.952692
1467.000000 , -122.077713, 37.382675, 19.480280
1468.000000 , -122.077688, 37.382693, 14.838517
1469.000000 , -122.077653, 37.382714, 11.193107
1470.000000 , -122.077598, 37.382747, 7.899718
1471.000000 , -122.077548, 37.382780, 6.742473
1472.000000 , -122.077495, 37.382812, 4.747988
1473.000000 , -122.077451, 37.382848, 7.213491
1474.000000 , -122.077399, 37.382884, 9.520537
1475.000000 , -122.077333, 37.382953, 9.781335
1476.000000 , -122.077264, 37.383006, 12.459215
1477.000000 , -122.077189, 37.383076, 17.213442
1478.000000 , -122.077136, 37.383205, 27.420959
1479.000000 , -122.077050, 37.383327, 28.752728
1480.000000 , -122.076970, 37.383498, 11.414978
1481.000000 , -122.076896, 37.383615, 11.549055
1482.000000 , -122.076819, 37.383785, 4.464216
1483.000000 , -122.076742, 37.383896, 0.971778
1484.000000 , -122.076670, 37.383980, 0.333450
1485.000000 , -122.076599, 37.384075, 0.465492
1486.000000 , -122.076526, 37.384160, 0.399141
1487.000000 , -122.076458, 37.384248, 4.074822
1488.000000 , -122.076387, 37.384335, 7.842717
1489.000000 , -122.076308, 37.384424, 8.895262
1490.000000 , -122.076248, 37.384500, 11.569663
1491.000000 , -122.076174, 37.384601, 11.825196
1492.000000 , -122.076115, 37.384698, 11.524135
1493.000000 , -122.076057, 37.384779, 11.030211
1494.000000 , -122.075992, 37.384843, 10.247843
1495.000000 , -122.075946, 37.384913, 7.894991
1496.000000 , -122.075910, 37.384957, 12.052428
1497.000000 , -122.075874, 37.385013, 9.203307
1498.000000 , -122.075847, 37.385046, 6.376079
1499.000000 , -122.075835, 37.385062, 0.620855
1500.000000 , -122.075833, 37.385071, 1.971552
1501.000000 , -122.075827, 37.385091, 2.779424
1502.000000 , -122.075819, 37.385096, 2.995478
1503.000000 , -122.075825, 37.385128, 1.744107
1504.000000 , -122.075843, 37.385167, -1.255365
1505.000000 , -122.075882, 37.385190, -1.968297
1506.000000 , -122.075932, 37.385227, -2.955912
1507.000000 , -122.075995, 37.385263, -3.939381
1508.000000 , -122.076069, 37.385297, -4.264554
1509.000000 , -122.076146, 37.385329, -4.070385
1510.000000 , -122.076246, 37.385380, -2.871189
1511.000000 , -122.076328, 37.385431, -1.632410
1512.000000 , -122.076424, 37.385467, -1.147963
1513.000000 , -122.076519, 37.385505, 1.870064
1514.000000 , -122.076607, 37.385533, 3.224474
1515.000000 , -122.076694, 37.385561, 4.203656
1516.000000 , -122.076756, 37.385589, 3.530293
1517.000000 , -122.076812, 37.385607, 1.824448
1518.000000 , -122.076848, 37.385621, 0.977242
1519.000000 , -122.076876, 37.385627, -1.156049
1520.000000 , -122.076925, 37.385612, -7.463600
1521.000000 , -122.076939, 37.385608, -12.072853
1522.000000 , -122.077021, 37.385551, -15.277823
1523.000000 , -122.077077, 37.385488, -22.382169
1524.000000 , -122.077131, 37.385420, -26.706069
1525.000000 , -122.077196, 37.385350, -29.460904
1526.000000 , -122.077268, 37.385241, -31.858267
1527.000000 , -122.077344, 37.385125, -27.110976
1528.000000 , -122.077432, 37.384978, -18.543362
1529.000000 , -122.077495, 37.384859, -12.680023
1530.000000 , -122.077565, 37.384744, -4.300226
1531.000000 , -122.077642, 37.384630, -4.433861
1532.000000 , -122.077696, 37.384537, -4.684302
1533.000000 , -122.077761, 37.384440, -3.887325
1534.000000 , -122.077819, 37.384351, -3.277616
1535.000000 , -122.077879, 37.384263, -4.135075
1536.000000 , -122.077943, 37.384168, -3.598395
1537.000000 , -122.078019, 37.384068, -2.663389
1538.000000 , -122.078078, 37.383981, -4.505617
1539.000000 , -122.078139, 37.383892, -3.168310
1540.000000 , -122.078208, 37.383796, -1.017721
1541.000000 , -122.078276, 37.383704, -1.120369
1542.000000 , -122.078337, 37.383622, -2.971341
1543.000000 , -122.078394, 37.383547, -2.690578
1544.000000 , -122.078449, 37.383475, -2.704625
1545.000000 , -122.078499, 37.383413, -2.354555
1546.000000 , -122.078539, 37.383358, -3.006615
1547.000000 , -122.078578, 37.383310, -4.219318
1548.000000 , -122.078613, 37.383277, -9.786680
1549.000000 , -122.078657, 37.383225, -8.784282
1550.000000 , -122.078724, 37.383191, -6.854391
1551.000000 , -122.078764, 37.383195, -8.411972
1552.000000 , -122.078837, 37.383208, -6.635206
1553.000000 , -122.078900, 37.383239, -5.762784
1554.000000 , -122.078995, 37.383303, -5.452955
1555.000000 , -122.079118, 37.383412, 3.227872
1556.000000 , -122.079273, 37.383499, 8.443730
1557.000000 , -122.079395, 37.383560, 11.234718
1558.000000 , -122.079527, 37.383629, 10.670062
1559.000000 , -122.079729, 37.383757, 3.442173
1560.000000 , -122.079904, 37.383853, 0.898460
1561.000000 , -122.080130, 37.383977, 2.595235
1562.000000 , -122.080348, 37.384078, 2.985555
1563.000000 , -122.080585, 37.384190, 1.943057
1564.000000 , -122.080817, 37.384295, 0.998652
1565.000000 , -122.081049, 37.384404, 0.012793
1566.000000 , -122.081286, 37.384507, 0.682126
1567.000000 , -122.081513, 37.384605, 2.197127
1568.000000 , -122.081714, 37.384711, 0.557005
1569.000000 , -122.081911, 37.384806, -0.078736
1570.000000 , -122.082098, 37.384895, -3.779283
1571.000000 , -122.082280, 37.384987, -5.065292
1572.000000 , -122.082446, 37.385084, -6.938834
1573.000000 , -122.082596, 37.385173, -10.892807
1574.000000 , -122.082732, 37.385251, -13.966692
1575.000000 , -122.082858, 37.385317, -20.079381
1576.000000 , -122.082969, 37.385387, -27.139525
1577.000000 , -122.083068, 37.385449, -35.978486
1578.000000 , -122.083128, 37.385465, -43.668418
1579.000000 , -122.083178, 37.385502, -37.412825
1580.000000 , -122.083255, 37.385546, -35.266300
1581.000000 , -122.083339, 37.385582, -31.842874
1582.000000 , -122.083370, 37.385602, -28.480559
1583.000000 , -122.083383, 37.385604, -21.905472
1584.000000 , -122.083392, 37.385602, -16.455273
1585.000000 , -122.083401, 37.385600, -13.513208
1586.000000 , -122.083400, 37.385611, -11.178367
1587.000000 , -122.083401, 37.385606, -7.783217
1588.000000 , -122.083408, 37.385614, -6.364282
1589.000000 , -122.083450, 37.385597, 9.675271
1590.000000 , -122.083446, 37.385607, 9.289554
1591.000000 , -122.083454, 37.385615, 7.771122
1592.000000 , -122.083491, 37.385624, 7.021855
1593.000000 , -122.083539, 37.385650, 4.158810
1594.000000 , -122.083580, 37.385671, 3.481089
1595.000000 , -122.083634, 37.385708, 3.004958
1596.000000 , -122.083697, 37.385746, 2.763324
1597.000000 , -122.083823, 37.385800, 3.856048
1598.000000 , -122.083974, 37.385853, 6.271232
1599.000000 , -122.084109, 37.385892, 9.223308
1600.000000 , -122.084287, 37.385967, 6.453754
1601.000000 , -122.084461, 37.386025, 7.691991
1602.000000 , -122.084631, 37.386097, 10.238226
1603.000000 , -122.084800, 37.386193, 7.904991
1604.000000 , -122.084976, 37.386290, 5.403444
1605.000000 , -122.085123, 37.386374, 3.023376
1606.000000 , -122.085280, 37.386452, 4.368939
1607.000000 , -122.085442, 37.386540, 3.735224
1608.000000 , -122.085621, 37.386613, 7.140756
1609.000000 , -122.085779, 37.386712, 6.852166
1610.000000 , -122.085936, 37.386825, 0.302434
1611.000000 , -122.086097, 37.386915, -1.990955
1612.000000 , -122.086250, 37.387003, -3.199744
1613.000000 , -122.086425, 37.387077, -1.765466
1614.000000 , -122.086587, 37.387159, -2.152640
1615.000000 , -122.086735, 37.387240, -1.996969
1616.000000 , -122.086894, 37.387321, -1.197704
1617.000000 , -122.087042, 37.387397, -1.097520
1618.000000 , -122.087190, 37.387471, -1.260414
1619.000000 , -122.087330, 37.387537, 0.296403
1620.000000 , -122.087449, 37.387590, 1.652866
1621.000000 , -122.087553, 37.387641, 2.441394
1622.000000 , -122.087657, 37.387704, 2.670075
1623.000000 , -122.087717, 37.387736, -1.758174
1624.000000 , -122.087766, 37.387743, -6.763082
1625.000000 , -122.087806, 37.387752, -9.494581
1626.000000 , -122.087837, 37.387759, -13.779206
1627.000000 , -122.087851, 37.387757, -14.247811
1628.000000 , -122.087853, 37.387755, -10.949120
1629.000000 , -122.087850, 37.387762, -11.842855
1630.000000 , -122.087830, 37.387757, -11.862036
1631.000000 , -122.087792, 37.387731, -8.535121
1632.000000 , -122.087770, 37.387714, -5.386966
1633.000000 , -122.087746, 37.387704, -5.019317
1634.000000 , -122.087733, 37.387700, -4.841975
1635.000000 , -122.087725, 37.387694, -7.839954
1636.000000 , -122.087715, 37.387689, -8.202284
1637.000000 , -122.087714, 37.387692, -7.931386
1638.000000 , -122.087716, 37.387689, -8.005488
1639.000000 , -122.087717, 37.387697, -7.826017
1640.000000 , -122.087717, 37.387693, -7.612753
1641.000000 , -122.087718, 37.387701, -10.021157
1642.000000 , -122.087730, 37.387715, -10.265873
1643.000000 , -122.087732, 37.387725, -10.052937
1644.000000 , -122.087735, 37.387738, -9.799474
1645.000000 , -122.087737, 37.387744, -10.027779
1646.000000 , -122.087738, 37.387744, -8.301440
1647.000000 , -122.087745, 37.387745, -7.440714
1648.000000 , -122.087743, 37.387752, -7.911936
1649.000000 , -122.087734, 37.387751, -9.090534
1650.000000 , -122.087730, 37.387753, -10.419168
1651.000000 , -122.087724, 37.387754, -11.336314
1652.000000 , -122.087721, 37.387754, -9.789658
1653.000000 , -122.087722, 37.387749, -8.525349
1654.000000 , -122.087723, 37.387750, -8.542175
1655.000000 , -122.087723, 37.387748, -7.545657
1656.000000 , -122.087718, 37.387744, -6.860025
1657.000000 , -122.087721, 37.387745, -7.599349
1658.000000 , -122.087727, 37.387751, -7.262243
1659.000000 , -122.087733, 37.387752, -6.860503
1660.000000 , -122.087719, 37.387760, -5.462848
1661.000000 , -122.087719, 37.387754, -5.637805
1662.000000 , -122.087721, 37.387756, -6.326043
1663.000000 , -122.087725, 37.387758, -8.002749
1664.000000 , -122.087726, 37.387759, -9.108909
1665.000000 , -122.087728, 37.387760, -10.274262
1666.000000 , -122.087735, 37.387765, -11.473823
1667.000000 , -122.087741, 37.387773, -13.222762
1668.000000 , -122.087748, 37.387779, -13.956573
1669.000000 , -122.087757, 37.387783, -12.602879
1670.000000 , -122.087760, 37.387770, -11.931016
1671.000000 , -122.087757, 37.387755, -9.893238
1672.000000 , -122.087747, 37.387751, -8.382577
1673.000000 , -122.087732, 37.387746, -7.445593
1674.000000 , -122.087737, 37.387736, -4.267093
1675.000000 , -122.087746, 37.387736, -4.690706
1676.000000 , -122.087766, 37.387740, -4.653147
1677.000000 , -122.087822, 37.387747, -3.306656
1678.000000 , -122.087879, 37.387755, -3.058942
1679.000000 , -122.087920, 37.387772, -3.441881
1680.000000 , -122.088042, 37.387814, -0.566234
1681.000000 , -122.088111, 37.387862, 1.575751
1682.000000 , -122.088227, 37.387916, 4.353072
1683.000000 , -122.088348, 37.387971, 4.300623
1684.000000 , -122.088475, 37.388022, 6.545345
1685.000000 , -122.088583, 37.388082, 6.486250
1686.000000 , -122.088724, 37.388166, 4.317796
1687.000000 , -122.088868, 37.388259, -0.374580
1688.000000 , -122.089017, 37.388343, -3.353180
1689.000000 , -122.089177, 37.388426, -3.938941
1690.000000 , -122.089325, 37.388499, -6.043868
1691.000000 , -122.089489, 37.388588, -6.554673
1692.000000 , -122.089652, 37.388666, -4.603706
1693.000000 , -122.089825, 37.388745, -3.031608
1694.000000 , -122.090011, 37.388834, -3.054607
1695.000000 , -122.090181, 37.388923, -4.497428
1696.000000 , -122.090355, 37.389007, -4.470116
1697.000000 , -122.090528, 37.389083, -5.853096
1698.000000 , -122.090701, 37.389166, -4.879053
1699.000000 , -122.090876, 37.389247, -7.202081
1700.000000 , -122.091047, 37.389330, -7.377514
1701.000000 , -122.091206, 37.389417, -7.201110
1702.000000 , -122.091370, 37.389492, -8.167458
1703.000000 , -122.091535, 37.389578, -8.248554
1704.000000 , -122.091700, 37.389660, -7.881857
1705.000000 , -122.091866, 37.389738, -7.629751
1706.000000 , -122.092034, 37.389834, -5.531970
1707.000000 , -122.092210, 37.389920, -6.066284
1708.000000 , -122.092385, 37.390010, -6.089775
1709.000000 , -122.092553, 37.390092, -7.521214
1710.000000 , -122.092701, 37.390177, -0.675075
1711.000000 , -122.092861, 37.390257, 1.383708
1712.000000 , -122.093022, 37.390329, 4.478329
1713.000000 , -122.093185, 37.390411, 8.858377
1714.000000 , -122.093351, 37.390496, 7.522174
1715.000000 , -122.093515, 37.390584, 6.596415
1716.000000 , -122.093682, 37.390674, 7.764718
1717.000000 , -122.093853, 37.390748, 8.014386
1718.000000 , -122.094013, 37.390849, 10.099261
1719.000000 , -122.094155, 37.390938, 11.981547
1720.000000 , -122.094307, 37.391070, -3.681193
1721.000000 , -122.094469, 37.391159, -5.689247
1722.000000 , -122.094606, 37.391260, -8.665691
1723.000000 , -122.094722, 37.391365, -9.241837
1724.000000 , -122.094806, 37.391463, -11.076720
1725.000000 , -122.094889, 37.391553, -12.244402
1726.000000 , -122.094969, 37.391636, -12.463991
1727.000000 , -122.095054, 37.391703, -13.332559
1728.000000 , -122.095069, 37.391769, -17.707429
1729.000000 , -122.095085, 37.391810, -23.127245
1730.000000 , -122.095105, 37.391840, -28.998377
1731.000000 , -122.095131, 37.391810, -8.193519
1732.000000 , -122.095173, 37.391832, -7.382246
1733.000000 , -122.095151, 37.391836, -9.133183
1734.000000 , -122.095124, 37.391822, -8.274109
1735.000000 , -122.095093, 37.391802, -6.973129
1736.000000 , -122.095069, 37.391777, -3.949724
1737.000000 , -122.095064, 37.391776, -3.059289
1738.000000 , -122.095064, 37.391782, -2.775143
1739.000000 , -122.095064, 37.391775, -0.613306
1740.000000 , -122.095072, 37.391766, 0.892535
1741.000000 , -122.095075, 37.391764, 1.603853
1742.000000 , -122.095074, 37.391767, 1.212355
1743.000000 , -122.095069, 37.391767, 0.430878
1744.000000 , -122.095063, 37.391767, -0.087173
1745.000000 , -122.095052, 37.391761, -1.167774
1746.000000 , -122.095049, 37.391757, -1.373161
1747.000000 , -122.095051, 37.391754, -1.785478
1748.000000 , -122.095049, 37.391748, -2.668840
1749.000000 , -122.095042, 37.391741, -2.764691
1750.000000 , -122.095032, 37.391731, -4.552675
1751.000000 , -122.095019, 37.391728, -6.707152
1752.000000 , -122.094999, 37.391721, -8.604583
1753.000000 , -122.094985, 37.391715, -9.745407
1754.000000 , -122.094972, 37.391709, -10.432590
1755.000000 , -122.094972, 37.391701, -11.836074
1756.000000 , -122.094961, 37.391703, -13.012363
1757.000000 , -122.094942, 37.391707, -14.218296
1758.000000 , -122.094935, 37.391705, -15.254887
1759.000000 , -122.094929, 37.391706, -16.621590
1760.000000 , -122.094925, 37.391710, -16.415126
1761.000000 , -122.094924, 37.391713, -15.960084
1762.000000 , -122.094926, 37.391716, -15.467931
1763.000000 , -122.094955, 37.391709, -14.394306
1764.000000 , -122.094973, 37.391711, -13.550042
1765.000000 , -122.094985, 37.391719, -13.652915
1766.000000 , -122.094986, 37.391712, -16.599431
1767.000000 , -122.095004, 37.391719, -15.648858
1768.000000 , -122.095035, 37.391720, -14.558459
1769.000000 , -122.095056, 37.391724, -13.765958
1770.000000 , -122.095069, 37.391733, -11.240147
1771.000000 , -122.095080, 37.391741, -10.917738
1772.000000 , -122.095085, 37.391755, -9.511481
1773.000000 , -122.095082, 37.391762, -9.129556
1774.000000 , -122.095091, 37.391770, -8.691428
1775.000000 , -122.095093, 37.391784, -9.829971
1776.000000 , -122.095087, 37.391816, -8.777214
1777.000000 , -122.095126, 37.391853, -7.266582
1778.000000 , -122.095162, 37.391896, -7.064663
1779.000000 , -122.095235, 37.391957, -2.670117
1780.000000 , -122.095277, 37.392023, -3.825374
1781.000000 , -122.095340, 37.392095, -5.854754
1782.000000 , -122.095412, 37.392186, -7.843558
1783.000000 , -122.095469, 37.392282, -10.705523
1784.000000 , -122.095559, 37.392387, -12.223463
1785.000000 , -122.095740, 37.392500, -5.159591
1786.000000 , -122.095853, 37.392607, -6.484873
1787.000000 , -122.095969, 37.392720, -8.066627
1788.000000 , -122.096067, 37.392837, -8.666425
1789.000000 , -122.096179, 37.392949, -9.680391
1790.000000 , -122.096323, 37.393064, -7.893866
1791.000000 , -122.096461, 37.393173, -7.365218
1792.000000 , -122.096592, 37.393280, -7.268362
1793.000000 , -122.096725, 37.393390, -6.725753
1794.000000 , -122.096885, 37.393490, -6.583235
1795.000000 , -122.097032, 37.393591, -6.044476
1796.000000 , -122.097189, 37.393689, -6.647979
1797.000000 , -122.097335, 37.393792, -7.287640
1798.000000 , -122.097475, 37.393889, -7.432664
1799.000000 , -122.097640, 37.393983, -5.920053
1800.000000 , -122.097805, 37.394070, -5.505170
1801.000000 , -122.097987, 37.394145, -6.429850
1802.000000 , -122.098154, 37.394219, -6.620641
1803.000000 , -122.098336, 37.394299, -6.614803
1804.000000 , -122.098514, 37.394363, -8.734535
1805.000000 , -122.098692, 37.394442, -9.065957
1806.000000 , -122.098874, 37.394516, -9.187233
1807.000000 , -122.099054, 37.394601, -8.748285
1808.000000 , -122.099234, 37.394677, -9.171641
1809.000000 , -122.099415, 37.394749, -8.463225
1810.000000 , -122.099603, 37.394821, -8.029565
1811.000000 , -122.099793, 37.394899, -7.813943
1812.000000 , -122.099978, 37.394973, -7.060122
1813.000000 , -122.100152, 37.395059, -6.862305
1814.000000 , -122.100325, 37.395138, -6.739482
1815.000000 , -122.100503, 37.395219, -5.860736
1816.000000 , -122.100673, 37.395284, -7.128996
1817.000000 , -122.100839, 37.395361, -7.147849
1818.000000 , -122.100998, 37.395425, -9.770438
1819.000000 , -122.101153, 37.395490, -9.289148
1820.000000 , -122.101311, 37.395555, -9.935455
1821.000000 , -122.101460, 37.395616, -10.210529
1822.000000 , -122.101608, 37.395684, -10.468713
1823.000000 , -122.101745, 37.395749, -10.665084
1824.000000 , -122.101887, 37.395820, -9.157368
1825.000000 , -122.102022, 37.395881, -9.989394
1826.000000 , -122.102157, 37.395946, -9.766742
1827.000000 , -122.102286, 37.396011, -9.203490
1828.000000 , -122.102404, 37.396068, -10.699645
1829.000000 , -122.102519, 37.396130, -12.410724
1830.000000 , -122.102626, 37.396187, -11.366795
1831.000000 , -122.102717, 37.396225, -11.182732
1832.000000 , -122.102801, 37.396248, -11.582439
1833.000000 , -122.102883, 37.396244, -10.424181
1834.000000 , -122.102963, 37.396263, -6.486998
1835.000000 , -122.103019, 37.396283, -5.234609
1836.000000 , -122.103088, 37.396310, -5.616601
1837.000000 , -122.103148, 37.396337, -6.185967
1838.000000 , -122.103174, 37.396364, -6.010980
1839.000000 , -122.103184, 37.396382, -8.208943
1840.000000 , -122.103189, 37.396403, -8.277524
1841.000000 , -122.103208, 37.396404, -8.852454
1842.000000 , -122.103226, 37.396417, -8.781948
1843.000000 , -122.103208, 37.396423, -8.093109
1844.000000 , -122.103178, 37.396427, -7.301193
1845.000000 , -122.103148, 37.396396, -7.167072
1846.000000 , -122.103123, 37.396392, -8.732978
1847.000000 , -122.103116, 37.396412, -6.586328
1848.000000 , -122.103098, 37.396412, -6.990249
1849.000000 , -122.103076, 37.396398, -8.740590
1850.000000 , -122.103061, 37.396404, -8.565841
1851.000000 , -122.103044, 37.396400, -10.086609
1852.000000 , -122.103043, 37.396418, -8.308682
1853.000000 , -122.103032, 37.396424, -8.350435
1854.000000 , -122.103017, 37.396438, -7.963990
1855.000000 , -122.103010, 37.396444, -7.653250
1856.000000 , -122.103001, 37.396444, -7.453397
1857.000000 , -122.102991, 37.396438, -8.616923
1858.000000 , -122.102983, 37.396423, -10.957009
1859.000000 , -122.102983, 37.396421, -11.440536
1860.000000 , -122.102988, 37.396416, -12.626276
1861.000000 , -122.102994, 37.396421, -12.452306
1862.000000 , -122.103001, 37.396430, -11.422236
1863.000000 , -122.103011, 37.396428, -10.723934
1864.000000 , -122.103024, 37.396452, -8.503136
1865.000000 , -122.103038, 37.396457, -7.065478
1866.000000 , -122.103053, 37.396451, -7.068059
1867.000000 , -122.103067, 37.396446, -7.749643
1868.000000 , -122.103082, 37.396452, -5.853174
1869.000000 , -122.103103, 37.396460, -3.392100
1870.000000 , -122.103116, 37.396456, -2.147851
1871.000000 , -122.103126, 37.396467, 0.480821
1872.000000 , -122.103137, 37.396467, 1.529603
1873.000000 , -122.103150, 37.396464, 2.287257
1874.000000 , -122.103143, 37.396468, 1.861124
1875.000000 , -122.103135, 37.396475, 2.860163
1876.000000 , -122.103133, 37.396480, 3.397034
1877.000000 , -122.103133, 37.396499, 6.317683
1878.000000 , -122.103141, 37.396516, 9.604316
1879.000000 , -122.103145, 37.396529, 10.074492
1880.000000 , -122.103141, 37.396529, 8.916627
1881.000000 , -122.103150, 37.396538, 10.431974
1882.000000 , -122.103147, 37.396534, 10.368128
1883.000000 , -122.103148, 37.396542, 10.381326
1884.000000 , -122.103142, 37.396550, 12.650969
1885.000000 , -122.103167, 37.396532, 14.140459
1886.000000 , -122.103174, 37.396470, 7.212768
1887.000000 , -122.103179, 37.396458, 6.028067
1888.000000 , -122.103180, 37.396431, 3.312846
1889.000000 , -122.103187, 37.396411, 1.029413
1890.000000 , -122.103196, 37.396384, -0.646517
1891.000000 , -122.103207, 37.396375, -0.587083
1892.000000 , -122.103209, 37.396376, -0.100456
1893.000000 , -122.103215, 37.396383, 0.394836
1894.000000 , -122.103217, 37.396382, 0.978666
1895.000000 , -122.103227, 37.396393, 2.671254
1896.000000 , -122.103235, 37.396408, 4.266864
1897.000000 , -122.103231, 37.396430, 5.503239
1898.000000 , -122.103231, 37.396419, 4.706568
1899.000000 , -122.103220, 37.396424, 4.327097
1900.000000 , -122.103207, 37.396436, 4.914474
1901.000000 , -122.103192, 37.396456, 5.818950
1902.000000 , -122.103165, 37.396492, 6.695345
1903.000000 , -122.103148, 37.396512, 6.371464
1904.000000 , -122.103138, 37.396521, 5.993031
1905.000000 , -122.103129, 37.396532, 5.685537
1906.000000 , -122.103124, 37.396530, 4.557799
1907.000000 , -122.103120, 37.396531, 3.949234
1908.000000 , -122.103127, 37.396513, 2.759082
1909.000000 , -122.103132, 37.396514, 2.810017
1910.000000 , -122.103137, 37.396516, 3.353217
1911.000000 , -122.103133, 37.396513, 2.372535
1912.000000 , -122.103129, 37.396510, 1.212137
1913.000000 , -122.103135, 37.396499, 0.417634
1914.000000 , -122.103142, 37.396489, -0.619896
1915.000000 , -122.103144, 37.396483, -1.345157
1916.000000 , -122.103151, 37.396485, -0.430689
1917.000000 , -122.103148, 37.396485, -0.800307
1918.000000 , -122.103147, 37.396468, -2.217715
1919.000000 , -122.103143, 37.396482, -1.763916
1920.000000 , -122.103147, 37.396490, -0.433456
1921.000000 , -122.103147, 37.396478, -1.136543
1922.000000 , -122.103153, 37.396486, 0.351694
1923.000000 , -122.103165, 37.396478, 1.654549
1924.000000 , -122.103177, 37.396486, 4.076500
1925.000000 , -122.103183, 37.396474, 4.375764
1926.000000 , -122.103193, 37.396462, 5.527355
1927.000000 , -122.103197, 37.396448, 5.697743
1928.000000 , -122.103214, 37.396443, 7.308480
1929.000000 , -122.103217, 37.396451, 8.733129
1930.000000 , -122.103226, 37.396459, 10.707071
1931.000000 , -122.103226, 37.396462, 11.477003
1932.000000 , -122.103231, 37.396487, 13.808219
1933.000000 , -122.103233, 37.396475, 13.639614
1934.000000 , -122.103229, 37.396466, 13.388134
1935.000000 , -122.103196, 37.396497, 17.061442
1936.000000 , -122.103211, 37.396463, 13.635706
1937.000000 , -122.103202, 37.396458, 10.757657
1938.000000 , -122.103191, 37.396465, 9.749870
1939.000000 , -122.103162, 37.396469, 8.928695
1940.000000 , -122.103155, 37.396468, 8.351238
1941.000000 , -122.103159, 37.396463, 7.777634
1942.000000 , -122.103164, 37.396469, 7.923338
1943.000000 , -122.103158, 37.396455, 5.958154
1944.000000 , -122.103158, 37.396464, 6.065487
1945.000000 , -122.103158, 37.396466, 5.601633
1946.000000 , -122.103150, 37.396469, 5.234140
1947.000000 , -122.103155, 37.396468, 4.627355
1948.000000 , -122.103166, 37.396461, 5.626440
1949.000000 , -122.103172, 37.396459, 3.959080
1950.000000 , -122.103180, 37.396457, 3.853853
1951.000000 , -122.103185, 37.396456, 4.258995
1952.000000 , -122.103178, 37.396459, 5.150041
1953.000000 , -122.103175, 37.396459, 4.573574
1954.000000 , -122.103185, 37.396454, 4.609572
1955.000000 , -122.103187, 37.396426, 3.227151
1956.000000 , -122.103189, 37.396402, 0.943125
1957.000000 , -122.103198, 37.396358, -1.414787
1958.000000 , -122.103190, 37.396323, -5.222698
1959.000000 , -122.103177, 37.396297, -6.897939
1960.000000 , -122.103170, 37.396236, -8.920959
1961.000000 , -122.103151, 37.396185, -8.720828
1962.000000 , -122.103124, 37.396137, -11.341032
1963.000000 , -122.103076, 37.396112, -12.131982
1964.000000 , -122.103008, 37.396073, -12.403726
1965.000000 , -122.102933, 37.396035, -9.636979
1966.000000 , -122.102829, 37.395983, -9.216531
1967.000000 , -122.102775, 37.395934, -6.302812
1968.000000 , -122.102769, 37.395913, -7.840262
1969.000000 , -122.102777, 37.395889, -6.935874
1970.000000 , -122.102769, 37.395864, -8.266283
1971.000000 , -122.102771, 37.395840, -7.717271
1972.000000 , -122.102789, 37.395820, -7.464897
1973.000000 , -122.102835, 37.395819, -7.300953
1974.000000 , -122.102877, 37.395815, -5.367268
1975.000000 , -122.102926, 37.395804, -2.865133
1976.000000 , -122.102949, 37.395798, -2.289643
1977.000000 , -122.102967, 37.395801, -2.950395
1978.000000 , -122.103003, 37.395804, -4.768740
1979.000000 , -122.103024, 37.395816, -7.063191
1980.000000 , -122.103019, 37.395828, -7.404831
1981.000000 , -122.103026, 37.395841, -8.111941
1982.000000 , -122.103024, 37.395849, -8.477080
1983.000000 , -122.103025, 37.395858, -8.241675
1984.000000 , -122.103024, 37.395856, -7.824499
1985.000000 , -122.103024, 37.395853, -9.355213
1986.000000 , -122.103023, 37.395846, -8.971556
1987.000000 , -122.103015, 37.395847, -9.863759
1988.000000 , -122.103005, 37.395847, -10.039085
1989.000000 , -122.102995, 37.395849, -10.181160
1990.000000 , -122.102981, 37.395855, -6.200217
1991.000000 , -122.102984, 37.395857, -5.222597
1992.000000 , -122.102966, 37.395850, -3.760345
1993.000000 , -122.102968, 37.395848, -3.635776
1994.000000 , -122.102945, 37.395842, -3.107855
1995.000000 , -122.102947, 37.395845, -3.240525
1996.000000 , -122.102943, 37.395853, -1.788286
1997.000000 , -122.102926, 37.395855, 0.267714
1998.000000 , -122.102912, 37.395852, 2.570968
1999.000000 , -122.102875, 37.395855, 8.334621
